0,1.22
10,1.11
20,0.01
30,-0.07
40,0.34
50,0.65
60,0.18
70,0.10
80,-0.46
90,-0.47
100,-0.54
110,-0.66
120,-0.13
130,-0.23
140,0.05
150,0.10
160,-0.24
170,-0.23
180,-0.35
190,-0.39
200,-0.47
210,-0.54
220,-0.25
230,-0.24
240,-0.34
250,-0.15
260,-0.16
270,-0.65
280,-0.60
290,-0.45
300,-0.35
310,-0.52
320,-0.79
330,-0.82
340,-0.53
350,-0.54
360,-0.82
370,-0.41
380,-0.36
390,-0.57
400,-0.60
410,-0.67
420,-0.67
430,-0.51
440,-0.40
450,-0.51
460,-0.08
470,-0.35
480,-0.50
490,-0.47
500,-0.48
510,-0.40
520,-0.20
530,-0.47
540,-0.15
550,-0.20
560,-0.26
570,-0.52
580,-0.35
590,-0.33
600,-0.49
610,-0.24
620,-0.35
630,0.09
640,0.08
650,-0.42
660,-0.43
670,-0.56
680,-0.73
690,-0.47
700,-0.08
710,0.08
720,-0.38
730,-0.63
740,-0.31
750,-0.28
760,-0.13
770,-0.17
780,-0.21
790,-0.31
800,-0.34
810,-0.09
820,-0.16
830,0.05
840,0.04
850,0.37
860,0.09
870,-0.12
880,-0.06
890,0.20
900,0.07
910,0.31
920,-0.14
930,-0.12
940,-0.17
950,-0.41
960,-0.47
970,-0.38
980,-0.05
990,-0.20
1000,-0.23
1010,-0.39
1020,-0.31
1030,-0.22
1040,-0.29
1050,-0.42
1060,0.06
1070,-0.08
1080,-0.44
1090,-0.14
1100,-0.05
1110,-0.10
1120,-0.22
1130,-0.34
1140,-0.04
1150,0.08
1160,-0.20
1170,-0.15
1180,0.02
1190,0.17
1200,0.42
1210,-0.06
1220,0.23
1230,0.19
1240,-0.16
1250,-0.34
1260,-0.25
1270,0.27
1280,0.27
1290,-0.01
1300,-0.28
1310,-0.48
1320,-0.08
1330,0.11
1340,0.31
1350,0.04
1360,-0.24
1370,-0.42
1380,-0.13
1390,0.13
1400,0.40
1410,0.64
1420,0.30
1430,0.20
1440,-0.10
1450,-0.07
1460,-0.19
1470,-0.16
1480,-0.06
1490,0.25
1500,-0.01
1510,-0.37
1520,-0.31
1530,-0.24
1540,-0.06
1550,-0.12
1560,-0.23
1570,0.03
1580,-0.06
1590,-0.31
1600,0.21
1610,0.35
1620,-0.01
1630,-0.39
1640,-0.41
1650,-0.22
1660,-0.21
1670,-0.49
1680,-0.29
1690,-0.31
1700,0.08
1710,0.12
1720,0.47
1730,0.45
1740,0.14
1750,-0.28
1760,-0.39
1770,-0.43
1780,-0.28
1790,-0.02
1800,-0.14
1810,0.11
1820,0.21
1830,0.36
1840,0.32
1850,0.15
1860,0.20
1870,0.05
1880,0.04
1890,-0.03
1900,-0.18
1910,0.13
1920,0.08
1930,0.29
1940,0.09
1950,-0.07
1960,0.00
1970,0.14
1980,0.08
1990,-0.04
2000,-0.25
2010,-0.20
2020,-0.08
2030,-0.01
2040,0.01
2050,-0.03
2060,0.12
2070,0.11
2080,0.14
2090,0.16
2100,0.39
2110,-0.07
2120,-0.28
2130,-0.44
2140,-0.46
2150,-0.17
2160,0.06
2170,0.18
2180,-0.03
2190,0.10
2200,0.25
2210,0.15
2220,-0.05
2230,-0.15
2240,-0.13
2250,0.07
2260,0.31
2270,0.58
2280,0.43
2290,0.33
2300,0.25
2310,-0.16
2320,0.07
2330,0.12
2340,0.17
2350,-0.04
2360,-0.09
2370,-0.37
2380,-0.28
2390,0.01
2400,0.14
2410,0.15
2420,-0.09
2430,-0.21
2440,-0.20
2450,-0.07
2460,-0.39
2470,-0.29
2480,-0.18
2490,-0.23
2500,0.15
2510,0.25
2520,0.30
2530,0.23
2540,0.41
2550,0.34
2560,-0.08
2570,-0.01
2580,0.01
2590,0.02
2600,-0.50
2610,-0.04
2620,0.17
2630,0.22
2640,0.02
2650,0.33
2660,-0.03
2670,-0.01
2680,-0.05
2690,-0.09
2700,0.22
2710,0.47
2720,-0.07
2730,0.29
2740,0.19
2750,0.22
2760,0.26
2770,0.42
2780,0.40
2790,0.01
2800,-0.17
2810,0.34
2820,0.08
2830,0.05
2840,0.27
2850,0.43
2860,0.26
2870,0.38
2880,0.06
2890,0.45
2900,0.37
2910,0.09
2920,0.10
2930,0.15
2940,0.20
2950,0.00
2960,0.07
2970,0.15
2980,0.28
2990,-0.11
3000,-0.01
3010,-0.19
3020,-0.06
3030,-0.16
3040,-0.11
3050,-0.59
3060,-0.28
3070,-0.11
3080,0.02
3090,0.30
3100,0.15
3110,0.17
3120,0.16
3130,0.30
3140,0.23
3150,0.25
3160,-0.07
3170,-0.26
3180,-0.20
3190,0.00
3200,-0.13
3210,-0.34
3220,-0.32
3230,0.14
3240,-0.06
3250,0.08
3260,-0.14
3270,-0.18
3280,-0.19
3290,-0.24
3300,-0.08
3310,-0.07
3320,-0.01
3330,-0.06
3340,0.27
3350,0.23
3360,0.32
3370,0.27
3380,-0.27
3390,0.02
3400,0.13
3410,0.11
3420,0.32
3430,0.14
3440,0.03
3450,0.13
3460,0.15
3470,-0.10
3480,-0.11
3490,-0.14
3500,-0.31
3510,-0.08
3520,-0.22
3530,0.04
3540,-0.03
3550,0.08
3560,0.12
3570,0.09
3580,0.00
3590,0.23
3600,-0.06
3610,-0.06
3620,0.18
3630,0.13
3640,0.40
3650,0.29
3660,0.15
3670,-0.06
3680,0.36
3690,0.47
3700,0.56
3710,0.44
3720,0.37
3730,0.11
3740,0.14
3750,0.25
3760,0.19
3770,0.05
3780,0.27
3790,0.30
3800,0.58
3810,0.31
3820,0.16
3830,0.47
3840,0.20
3850,-0.04
3860,0.00
3870,-0.08
3880,0.08
3890,0.13
3900,0.36
3910,0.29
3920,0.30
3930,0.09
3940,0.24
3950,0.28
3960,0.39
3970,0.13
3980,-0.07
3990,-0.19
4000,-0.20
4010,-0.56
4020,-0.44
4030,0.00
4040,0.00
4050,0.20
4060,0.04
4070,-0.02
4080,0.31
4090,0.22
4100,0.34
4110,0.20
4120,0.28
4130,0.13
4140,0.15
4150,0.32
4160,-0.05
4170,0.19
4180,0.16
4190,0.40
4200,0.32
4210,0.35
4220,0.12
4230,-0.03
4240,0.00
4250,0.06
4260,0.47
4270,0.18
4280,0.20
4290,-0.04
4300,0.08
4310,0.07
4320,-0.02
4330,0.14
4340,0.11
4350,0.20
4360,-0.11
4370,0.01
4380,0.23
4390,0.21
4400,-0.04
4410,-0.25
4420,-0.11
4430,0.02
4440,0.08
4450,0.08
4460,0.18
4470,0.34
4480,0.21
4490,0.18
4500,-0.09
4510,0.01
4520,-0.15
4530,-0.15
4540,0.22
4550,0.09
4560,0.14
4570,0.15
4580,0.10
4590,-0.06
4600,-0.16
4610,0.01
4620,-0.14
4630,-0.35
4640,-0.19
4650,-0.36
4660,-0.54
4670,-0.16
4680,-0.10
4690,-0.03
4700,0.04
4710,-0.08
4720,0.10
4730,0.46
4740,0.21
4750,0.04
4760,-0.25
4770,-0.28
4780,-0.21
4790,-0.09
4800,-0.08
4810,-0.08
4820,0.00
4830,-0.02
4840,0.12
4850,-0.11
4860,-0.06
4870,0.26
4880,0.09
4890,0.43
4900,0.76
4910,0.33
4920,0.25
4930,0.35
4940,-0.08
4950,0.03
4960,0.16
4970,0.23
4980,0.02
4990,-0.41
5000,-0.29
5010,-0.51
5020,-0.30
5030,-0.01
5040,0.26
5050,0.14
5060,-0.29
5070,-0.13
5080,-0.06
5090,-0.16
5100,-0.20
5110,-0.30
5120,0.02
5130,0.11
5140,-0.08
5150,-0.17
5160,-0.36
5170,-0.32
5180,0.02
5190,0.05
5200,-0.05
5210,-0.20
5220,-0.47
5230,-0.32
5240,-0.07
5250,-0.18
5260,-0.19
5270,-0.15
5280,-0.14
5290,-0.04
5300,-0.12
5310,0.03
5320,0.17
5330,-0.25
5340,0.08
5350,0.07
5360,-0.17
5370,-0.29
5380,-0.20
5390,-0.16
5400,-0.20
5410,-0.08
5420,0.00
5430,-0.17
5440,-0.15
5450,-0.12
5460,-0.30
5470,-0.35
5480,-0.19
5490,-0.10
5500,-0.26
5510,-0.30
5520,-0.51
5530,-0.65
5540,-0.60
5550,-0.33
5560,-0.47
5570,-0.32
5580,-0.16
5590,-0.02
5600,-0.07
5610,0.04
5620,0.09
5630,-0.02
5640,-0.12
5650,-0.36
5660,-0.22
5670,-0.36
5680,-0.10
5690,-0.09
5700,0.01
5710,-0.21
5720,-0.14
5730,0.02
5740,0.12
5750,0.10
5760,0.03
5770,-0.25
5780,-0.13
5790,0.21
5800,0.08
5810,-0.15
5820,-0.11
5830,-0.15
5840,-0.20
5850,-0.10
5860,0.01
5870,-0.10
5880,-0.37
5890,-0.28
5900,-0.11
5910,-0.09
5920,-0.20
5930,-0.11
5940,-0.29
5950,-0.01
5960,-0.18
5970,-0.45
5980,-0.65
5990,-0.28
6000,-0.09
6010,-0.10
6020,-0.51
6030,-0.51
6040,-0.38
6050,-0.15
6060,-0.13
6070,-0.36
6080,-0.27
6090,-0.03
6100,-0.08
6110,-0.27
6120,-0.36
6130,-0.41
6140,-0.43
6150,-0.27
6160,-0.31
6170,-0.34
6180,-0.11
6190,-0.01
6200,-0.23
6210,-0.48
6220,-0.24
6230,-0.09
6240,0.21
6250,0.04
6260,0.04
6270,-0.20
6280,-0.36
6290,-0.50
6300,-0.49
6310,-0.25
6320,-0.39
6330,-0.44
6340,-0.59
6350,-0.54
6360,-0.53
6370,-0.49
6380,-0.56
6390,-0.59
6400,-0.27
6410,-0.65
6420,-0.28
6430,0.02
6440,0.13
6450,0.04
6460,-0.15
6470,-0.01
6480,-0.21
6490,0.00
6500,-0.23
6510,-0.38
6520,-0.28
6530,-0.30
6540,-0.08
6550,-0.08
6560,0.10
6570,-0.01
6580,-0.13
6590,-0.44
6600,-0.48
6610,-0.28
6620,-0.30
6630,-0.10
6640,-0.12
6650,-0.15
6660,-0.38
6670,-0.29
6680,-0.31
6690,-0.31
6700,-0.26
6710,-0.19
6720,-0.24
6730,-0.14
6740,-0.06
6750,-0.44
6760,-0.32
6770,-0.51
6780,-0.62
6790,-0.43
6800,-0.52
6810,-0.21
6820,-0.44
6830,-0.39
6840,-0.59
6850,-0.32
6860,-0.38
6870,-0.36
6880,-0.41
6890,-0.34
6900,-0.28
6910,-0.14
6920,-0.18
6930,-0.24
6940,-0.16
6950,-0.43
6960,-0.52
6970,-0.76
6980,-0.73
6990,-0.37
7000,-0.41
7010,-0.37
7020,-0.30
7030,-0.39
7040,-0.64
7050,-0.65
7060,-0.37
7070,-0.49
7080,-0.52
7090,-0.54
7100,-0.68
7110,-0.71
7120,-0.78
7130,-0.57
7140,-0.79
7150,-0.65
7160,-0.47
7170,-0.51
7180,-0.78
7190,-0.77
7200,-0.73
7210,-0.69
7220,-0.80
7230,-0.56
7240,-0.53
7250,-0.64
7260,-0.64
7270,-0.56
7280,-0.67
7290,-0.73
7300,-0.34
7310,-0.47
7320,-0.32
7330,-0.44
7340,-0.33
7350,-0.32
7360,-0.38
7370,-0.58
7380,-0.69
7390,-0.80
7400,-0.70
7410,-0.60
7420,-0.59
7430,-0.70
7440,-0.73
7450,-0.74
7460,-0.44
7470,-0.51
7480,-0.71
7490,-0.79
7500,-0.75
7510,-0.50
7520,-0.52
7530,-0.55
7540,-0.28
7550,-0.41
7560,-0.32
7570,-0.43
7580,-0.28
7590,-0.31
7600,-0.32
7610,-0.43
7620,-0.51
7630,-0.52
7640,-0.48
7650,-0.53
7660,-0.76
7670,-0.96
7680,-1.04
7690,-0.98
7700,-0.65
7710,-0.67
7720,-0.56
7730,-0.42
7740,-0.48
7750,-0.46
7760,-0.64
7770,-0.59
7780,-0.63
7790,-0.44
7800,-0.58
7810,-0.45
7820,-0.84
7830,-0.85
7840,-0.88
7850,-0.80
7860,-1.12
7870,-0.86
7880,-0.67
7890,-0.71
7900,-0.72
7910,-0.71
7920,-0.56
7930,-0.38
7940,-0.57
7950,-0.69
7960,-0.80
7970,-0.95
7980,-0.97
7990,-1.15
8000,-1.02
8010,-1.08
8020,-1.11
8030,-0.99
8040,-1.12
8050,-1.02
8060,-0.92
8070,-1.05
8080,-0.92
8090,-0.91
8100,-0.91
8110,-0.72
8120,-0.83
8130,-0.68
8140,-0.70
8150,-0.72
8160,-0.71
8170,-0.81
8180,-0.76
8190,-0.93
8200,-1.04
8210,-1.28
8220,-1.31
8230,-1.05
8240,-0.82
8250,-0.79
8260,-0.69
8270,-0.58
8280,-0.48
8290,-0.34
8300,-0.72
8310,-0.71
8320,-0.68
8330,-0.73
8340,-1.00
8350,-0.97
8360,-0.95
8370,-0.90
8380,-1.00
8390,-1.27
8400,-1.12
8410,-0.92
8420,-0.87
8430,-0.63
8440,-0.62
8450,-0.64
8460,-0.80
8470,-0.66
8480,-0.70
8490,-0.63
8500,-0.61
8510,-0.55
8520,-0.67
8530,-0.55
8540,-0.85
8550,-0.82
8560,-0.79
8570,-0.88
8580,-0.76
8590,-0.59
8600,-0.55
8610,-0.53
8620,-0.59
8630,-0.61
8640,-0.66
8650,-0.55
8660,-0.66
8670,-0.66
8680,-0.66
8690,-0.69
8700,-0.65
8710,-0.49
8720,-0.49
8730,-0.68
8740,-0.55
8750,-0.72
8760,-0.46
8770,-0.45
8780,-0.44
8790,-0.28
8800,-0.30
8810,-0.34
8820,-0.61
8830,-0.79
8840,-0.86
8850,-0.91
8860,-0.57
8870,-0.27
8880,-0.23
8890,-0.35
8900,-0.40
8910,-0.29
8920,-0.42
8930,-0.39
8940,-0.31
8950,-0.51
8960,-0.38
8970,-0.21
8980,-0.15
8990,-0.08
9000,-0.22
9010,-0.20
9020,-0.32
9030,-0.72
9040,-0.61
9050,-0.56
9060,-0.45
9070,-0.23
9080,-0.19
9090,-0.01
9100,0.15
9110,0.00
9120,-0.37
9130,-0.39
9140,-0.25
9150,-0.27
9160,-0.49
9170,-0.48
9180,-0.51
9190,-0.39
9200,-0.06
9210,-0.08
9220,0.04
9230,0.13
9240,0.15
9250,0.04
9260,-0.02
9270,0.09
9280,0.19
9290,-0.12
9300,-0.24
9310,-0.26
9320,-0.36
9330,-0.44
9340,-0.23
9350,-0.30
9360,-0.52
9370,-0.42
9380,-0.34
9390,-0.33
9400,-0.36
9410,-0.31
9420,-0.20
9430,-0.17
9440,-0.07
9450,0.03
9460,-0.11
9470,-0.13
9480,-0.08
9490,-0.07
9500,-0.40
9510,-0.53
9520,-0.48
9530,-0.26
9540,-0.08
9550,-0.09
9560,-0.10
9570,-0.28
9580,-0.42
9590,-0.21
9600,-0.30
9610,-0.12
9620,0.02
9630,0.08
9640,-0.06
9650,-0.03
9660,-0.22
9670,-0.21
9680,-0.25
9690,-0.30
9700,-0.25
9710,-0.35
9720,-0.53
9730,-0.46
9740,-0.36
9750,-0.15
9760,-0.16
9770,-0.21
9780,-0.03
9790,-0.08
9800,-0.18
9810,-0.26
9820,-0.23
9830,-0.33
9840,-0.21
9850,-0.16
9860,-0.05
9870,-0.11
9880,-0.21
9890,-0.26
9900,-0.29
9910,-0.17
9920,-0.15
9930,0.10
9940,0.21
9950,-0.07
9960,-0.21
9970,-0.22
9980,-0.26
9990,-0.30
10000,-0.32
10010,-0.30
10020,-0.19
10030,-0.24
10040,-0.25
10050,-0.13
10060,-0.39
10070,-0.37
10080,-0.30
10090,-0.31
10100,-0.24
10110,-0.34
10120,-0.56
10130,-0.44
10140,-0.14
10150,-0.15
10160,0.03
10170,0.42
10180,0.41
10190,0.42
10200,0.02
10210,-0.27
10220,-0.41
10230,-0.15
10240,0.04
10250,0.10
10260,-0.15
10270,-0.09
10280,-0.04
10290,0.00
10300,-0.07
10310,-0.27
10320,-0.10
10330,0.03
10340,0.01
10350,-0.05
10360,-0.19
10370,-0.17
10380,-0.19
10390,-0.36
10400,-0.35
10410,-0.24
10420,-0.34
10430,-0.27
10440,-0.25
10450,-0.19
10460,-0.21
10470,-0.44
10480,-0.40
10490,0.01
10500,0.13
10510,0.04
10520,-0.02
10530,0.01
10540,0.15
10550,-0.01
10560,0.09
10570,0.43
10580,0.46
10590,0.31
10600,-0.09
10610,-0.18
10620,-0.33
10630,-0.35
10640,-0.22
10650,-0.30
10660,-0.35
10670,-0.32
10680,-0.54
10690,-0.54
10700,-0.35
10710,-0.14
10720,-0.15
10730,-0.17
10740,-0.10
10750,-0.18
10760,-0.12
10770,-0.18
10780,-0.11
10790,0.00
10800,-0.16
10810,-0.20
10820,-0.16
10830,-0.11
10840,-0.30
10850,-0.36
10860,-0.39
10870,-0.24
10880,-0.19
10890,-0.19
10900,-0.21
10910,-0.30
10920,-0.36
10930,-0.26
10940,-0.19
10950,-0.08
10960,-0.10
10970,-0.27
10980,-0.28
10990,0.00
11000,0.13
11010,0.14
11020,0.00
11030,-0.21
11040,-0.54
11050,-0.67
11060,-0.64
11070,-0.57
11080,-0.48
11090,-0.25
11100,-0.24
11110,-0.17
11120,-0.08
11130,-0.17
11140,-0.13
11150,-0.07
11160,-0.14
11170,-0.21
11180,-0.12
11190,-0.20
11200,-0.20
11210,-0.12
11220,-0.11
11230,-0.11
11240,0.03
11250,-0.05
11260,-0.13
11270,-0.05
11280,0.01
11290,-0.05
11300,-0.25
11310,-0.24
11320,-0.12
11330,-0.34
11340,-0.38
11350,-0.30
11360,-0.22
11370,-0.20
11380,-0.23
11390,-0.18
11400,-0.01
11410,-0.14
11420,-0.26
11430,-0.45
11440,-0.42
11450,-0.40
11460,-0.51
11470,-0.62
11480,-0.65
11490,-0.29
11500,-0.28
11510,-0.11
11520,0.24
11530,0.55
11540,0.80
11550,0.56
11560,0.27
11570,0.03
11580,0.19
11590,0.05
11600,0.02
11610,-0.10
11620,-0.26
11630,-0.23
11640,-0.40
11650,-0.38
11660,-0.37
11670,-0.36
11680,-0.23
11690,-0.23
11700,-0.18
11710,-0.14
11720,-0.11
11730,-0.14
11740,-0.26
11750,-0.27
11760,-0.21
11770,-0.31
11780,-0.37
11790,-0.35
11800,-0.23
11810,-0.35
11820,-0.47
11830,-0.48
11840,-0.42
11850,-0.48
11860,-0.60
11870,-0.57
11880,-0.62
11890,-0.83
11900,-0.72
11910,-0.89
11920,-0.80
11930,-0.68
11940,-0.59
11950,-0.58
11960,-0.63
11970,-0.78
11980,-0.87
11990,-0.67
12000,-0.68
12010,-0.82
12020,-0.98
12030,-1.11
12040,-1.21
12050,-1.32
12060,-1.11
12070,-0.95
12080,-1.04
12090,-0.99
12100,-1.13
12110,-1.17
12120,-1.21
12130,-1.12
12140,-1.06
12150,-1.16
12160,-1.24
12170,-1.45
12180,-1.42
12190,-1.42
12200,-1.67
12210,-1.93
12220,-1.92
12230,-1.78
12240,-1.60
12250,-1.54
12260,-1.67
12270,-1.73
12280,-1.56
12290,-1.49
12300,-1.47
12310,-1.36
12320,-1.37
12330,-1.46
12340,-1.55
12350,-1.50
12360,-1.35
12370,-1.41
12380,-1.49
12390,-1.83
12400,-1.95
12410,-2.13
12420,-2.23
12430,-2.24
12440,-2.15
12450,-2.26
12460,-1.97
12470,-1.85
12480,-1.88
12490,-1.94
12500,-2.05
12510,-2.14
12520,-2.12
12530,-2.08
12540,-2.24
12550,-2.28
12560,-2.32
12570,-2.21
12580,-2.27
12590,-2.29
12600,-2.28
12610,-2.45
12620,-2.58
12630,-2.55
12640,-2.58
12650,-2.61
12660,-2.82
12670,-3.00
12680,-2.68
12690,-2.71
12700,-2.60
12710,-2.60
12720,-2.58
12730,-2.52
12740,-2.57
12750,-2.64
12760,-2.64
12770,-2.68
12780,-2.63
12790,-2.54
12800,-2.55
12810,-2.47
12820,-2.38
12830,-2.61
12840,-2.76
12850,-2.88
12860,-2.82
12870,-2.79
12880,-2.79
12890,-2.60
12900,-2.40
12910,-2.40
12920,-2.42
12930,-2.45
12940,-2.41
12950,-2.76
12960,-2.75
12970,-2.75
12980,-2.86
12990,-2.74
13000,-2.66
13010,-2.69
13020,-2.70
13030,-2.83
13040,-2.90
13050,-2.81
13060,-2.65
13070,-2.68
13080,-2.58
13090,-2.57
13100,-2.71
13110,-2.48
13120,-2.55
13130,-2.68
13140,-2.84
13150,-2.91
13160,-2.94
13170,-2.76
13180,-2.77
13190,-2.53
13200,-2.31
13210,-2.27
13220,-2.46
13230,-2.44
13240,-2.35
13250,-2.39
13260,-2.45
13270,-2.57
13280,-2.45
13290,-2.52
13300,-2.43
13310,-2.61
13320,-2.74
13330,-2.42
13340,-2.30
13350,-2.30
13360,-2.24
13370,-2.23
13380,-2.23
13390,-2.23
13400,-2.54
13410,-2.55
13420,-2.59
13430,-2.53
13440,-2.43
13450,-2.44
13460,-2.54
13470,-2.59
13480,-2.57
13490,-2.57
13500,-2.60
13510,-2.69
13520,-2.63
13530,-2.66
13540,-2.65
13550,-2.43
13560,-2.23
13570,-2.20
13580,-2.22
13590,-2.32
13600,-2.40
13610,-2.32
13620,-2.36
13630,-2.37
13640,-2.53
13650,-2.44
13660,-2.40
13670,-2.55
13680,-2.56
13690,-2.60
13700,-2.57
13710,-2.50
13720,-2.51
13730,-2.50
13740,-2.65
13750,-2.64
13760,-2.61
13770,-2.62
13780,-2.56
13790,-2.45
13800,-2.25
13810,-2.25
13820,-2.22
13830,-2.40
13840,-2.56
13850,-2.55
13860,-2.61
13870,-2.67
13880,-2.73
13890,-2.67
13900,-2.65
13910,-2.67
13920,-2.60
13930,-2.50
13940,-2.35
13950,-2.16
13960,-2.17
13970,-2.31
13980,-2.35
13990,-2.07
14000,-2.21
14010,-2.16
14020,-2.11
14030,-2.14
14040,-2.22
14050,-2.18
14060,-2.14
14070,-2.12
14080,-2.17
14090,-2.14
14100,-2.23
14110,-2.03
14120,-2.07
14130,-2.08
14140,-1.96
14150,-1.90
14160,-1.79
14170,-2.06
14180,-2.08
14190,-1.97
14200,-1.96
14210,-2.00
14220,-1.99
14230,-1.88
14240,-1.72
14250,-1.71
14260,-1.63
14270,-1.52
14280,-1.51
14290,-1.56
14300,-1.50
14310,-1.44
14320,-1.48
14330,-1.32
14340,-1.45
14350,-1.49
14360,-1.66
14370,-1.69
14380,-1.61
14390,-1.71
14400,-1.80
14410,-1.73
14420,-1.71
14430,-1.59
14440,-1.42
14450,-1.55
14460,-1.57
14470,-1.49
14480,-1.42
14490,-1.57
14500,-1.68
14510,-1.81
14520,-1.78
14530,-1.82
14540,-1.81
14550,-1.75
14560,-1.96
14570,-2.04
14580,-1.99
14590,-1.98
14600,-1.95
14610,-2.08
14620,-1.98
14630,-1.90
14640,-2.07
14650,-2.19
14660,-2.13
14670,-2.18
14680,-2.13
14690,-1.92
14700,-2.17
14710,-2.43
14720,-2.49
14730,-2.58
14740,-2.64
14750,-2.65
14760,-2.67
14770,-2.62
14780,-2.54
14790,-2.50
14800,-2.38
14810,-2.21
14820,-2.22
14830,-2.28
14840,-2.13
14850,-2.09
14860,-2.18
14870,-2.38
14880,-2.66
14890,-2.62
14900,-2.36
14910,-2.31
14920,-2.21
14930,-2.26
14940,-2.30
14950,-2.25
14960,-2.24
14970,-2.32
14980,-2.45
14990,-2.59
15000,-2.36
15010,-2.18
15020,-2.14
15030,-2.25
15040,-2.19
15050,-2.26
15060,-2.45
15070,-2.51
15080,-2.53
15090,-2.52
15100,-2.38
15110,-2.39
15120,-2.39
15130,-2.43
15140,-2.47
15150,-2.49
15160,-2.55
15170,-2.64
15180,-2.64
15190,-2.65
15200,-2.58
15210,-2.59
15220,-2.63
15230,-2.46
15240,-2.48
15250,-2.57
15260,-2.53
15270,-2.47
15280,-2.48
15290,-2.75
15300,-2.66
15310,-2.62
15320,-2.57
15330,-2.59
15340,-2.67
15350,-2.75
15360,-2.79
15370,-2.76
15380,-2.83
15390,-2.82
15400,-2.80
15410,-2.73
15420,-2.81
15430,-2.80
15440,-2.88
15450,-2.94
15460,-2.99
15470,-3.19
15480,-3.14
15490,-3.08
15500,-2.92
15510,-2.89
15520,-2.77
15530,-2.72
15540,-2.73
15550,-2.70
15560,-2.74
15570,-2.80
15580,-2.78
15590,-2.80
15600,-2.86
15610,-2.94
15620,-2.95
15630,-2.86
15640,-2.78
15650,-2.87
15660,-2.98
15670,-2.97
15680,-2.82
15690,-2.78
15700,-2.87
15710,-3.01
15720,-3.13
15730,-3.11
15740,-3.09
15750,-3.07
15760,-2.98
15770,-2.97
15780,-2.92
15790,-2.87
15800,-2.81
15810,-2.75
15820,-2.74
15830,-2.68
15840,-2.61
15850,-2.76
15860,-2.93
15870,-2.90
15880,-2.82
15890,-2.91
15900,-2.95
15910,-2.79
15920,-2.79
15930,-2.85
15940,-2.77
15950,-2.68
15960,-2.73
15970,-2.82
15980,-2.82
15990,-2.87
16000,-3.00
16010,-3.10
16020,-3.26
16030,-3.32
16040,-3.30
16050,-3.29
16060,-3.38
16070,-3.33
16080,-3.23
16090,-3.25
16100,-3.21
16110,-3.23
16120,-3.36
16130,-3.47
16140,-3.49
16150,-3.45
16160,-3.47
16170,-3.59
16180,-3.70
16190,-3.68
16200,-3.59
16210,-3.46
16220,-3.47
16230,-3.61
16240,-3.71
16250,-3.71
16260,-3.75
16270,-3.81
16280,-3.78
16290,-3.73
16300,-3.71
16310,-3.70
16320,-3.65
16330,-3.56
16340,-3.45
16350,-3.41
16360,-3.43
16370,-3.49
16380,-3.60
16390,-3.69
16400,-3.71
16410,-3.75
16420,-3.78
16430,-3.70
16440,-3.61
16450,-3.58
16460,-3.64
16470,-3.75
16480,-3.74
16490,-3.68
16500,-3.55
16510,-3.46
16520,-3.45
16530,-3.44
16540,-3.46
16550,-3.53
16560,-3.67
16570,-3.82
16580,-3.92
16590,-3.88
16600,-3.75
16610,-3.68
16620,-3.66
16630,-3.69
16640,-3.75
16650,-3.72
16660,-3.77
16670,-3.87
16680,-3.95
16690,-4.02
16700,-4.02
16710,-4.00
16720,-3.98
16730,-4.07
16740,-4.16
16750,-4.21
16760,-4.18
16770,-4.16
16780,-4.15
16790,-4.16
16800,-4.19
16810,-4.21
16820,-4.14
16830,-4.13
16840,-4.16
16850,-4.25
16860,-4.36
16870,-4.30
16880,-4.27
16890,-4.38
16900,-4.43
16910,-4.39
16920,-4.29
16930,-4.24
16940,-4.24
16950,-4.34
16960,-4.48
16970,-4.55
16980,-4.58
16990,-4.53
17000,-4.53
17010,-4.54
17020,-4.62
17030,-4.69
17040,-4.76
17050,-4.73
17060,-4.68
17070,-4.62
17080,-4.59
17090,-4.63
17100,-4.69
17110,-4.69
17120,-4.71
17130,-4.71
17140,-4.73
17150,-4.73
17160,-4.68
17170,-4.62
17180,-4.57
17190,-4.56
17200,-4.53
17210,-4.46
17220,-4.41
17230,-4.38
17240,-4.41
17250,-4.44
17260,-4.44
17270,-4.41
17280,-4.36
17290,-4.33
17300,-4.33
17310,-4.33
17320,-4.32
17330,-4.35
17340,-4.39
17350,-4.46
17360,-4.52
17370,-4.55
17380,-4.61
17390,-4.68
17400,-4.76
17410,-4.80
17420,-4.78
17430,-4.80
17440,-4.90
17450,-5.02
17460,-5.05
17470,-4.99
17480,-4.88
17490,-4.81
17500,-4.82
17510,-4.85
17520,-4.85
17530,-4.80
17540,-4.78
17550,-4.78
17560,-4.81
17570,-4.88
17580,-5.00
17590,-5.11
17600,-5.19
17610,-5.21
17620,-5.25
17630,-5.31
17640,-5.37
17650,-5.46
17660,-5.55
17670,-5.61
17680,-5.59
17690,-5.53
17700,-5.48
17710,-5.50
17720,-5.52
17730,-5.52
17740,-5.53
17750,-5.55
17760,-5.56
17770,-5.55
17780,-5.53
17790,-5.51
17800,-5.53
17810,-5.50
17820,-5.44
17830,-5.37
17840,-5.37
17850,-5.39
17860,-5.43
17870,-5.43
17880,-5.42
17890,-5.43
17900,-5.44
17910,-5.46
17920,-5.47
17930,-5.44
17940,-5.38
17950,-5.36
17960,-5.36
17970,-5.42
17980,-5.44
17990,-5.50
18000,-5.56
18010,-5.59
18020,-5.60
18030,-5.58
18040,-5.60
18050,-5.59
18060,-5.58
18070,-5.58
18080,-5.64
18090,-5.70
18100,-5.74
18110,-5.77
18120,-5.80
18130,-5.80
18140,-5.81
18150,-5.82
18160,-5.82
18170,-5.82
18180,-5.80
18190,-5.78
18200,-5.75
18210,-5.71
18220,-5.66
18230,-5.62
18240,-5.60
18250,-5.62
18260,-5.60
18270,-5.52
18280,-5.38
18290,-5.26
18300,-5.21
18310,-5.28
18320,-5.37
18330,-5.46
18340,-5.47
18350,-5.44
18360,-5.35
18370,-5.36
18380,-5.39
18390,-5.45
18400,-5.51
18410,-5.55
18420,-5.62
18430,-5.68
18440,-5.74
18450,-5.73
18460,-5.66
18470,-5.59
18480,-5.55
18490,-5.54
18500,-5.59
18510,-5.64
18520,-5.69
18530,-5.73
18540,-5.77
18550,-5.81
18560,-5.83
18570,-5.83
18580,-5.80
18590,-5.77
18600,-5.74
18610,-5.73
18620,-5.74
18630,-5.72
18640,-5.66
18650,-5.58
18660,-5.50
18670,-5.45
18680,-5.43
18690,-5.39
18700,-5.38
18710,-5.36
18720,-5.46
18730,-5.57
18740,-5.65
18750,-5.69
18760,-5.69
18770,-5.68
18780,-5.67
18790,-5.66
18800,-5.65
18810,-5.64
18820,-5.63
18830,-5.65
18840,-5.68
18850,-5.70
18860,-5.72
18870,-5.74
18880,-5.81
18890,-5.83
18900,-5.79
18910,-5.72
18920,-5.64
18930,-5.63
18940,-5.67
18950,-5.79
18960,-5.90
18970,-5.99
18980,-5.96
18990,-5.89
19000,-5.84
19010,-5.85
19020,-5.87
19030,-5.90
19040,-5.88
19050,-5.86
19060,-5.80
19070,-5.75
19080,-5.65
19090,-5.54
19100,-5.45
19110,-5.41
19120,-5.41
19130,-5.49
19140,-5.63
19150,-5.77
19160,-5.85
19170,-5.92
19180,-5.95
19190,-5.94
19200,-5.94
19210,-5.93
19220,-5.89
19230,-5.87
19240,-5.85
19250,-5.82
19260,-5.78
19270,-5.76
19280,-5.77
19290,-5.78
19300,-5.79
19310,-5.77
19320,-5.77
19330,-5.78
19340,-5.80
19350,-5.83
19360,-5.82
19370,-5.80
19380,-5.77
19390,-5.74
19400,-5.70
19410,-5.68
19420,-5.65
19430,-5.61
19440,-5.60
19450,-5.66
19460,-5.75
19470,-5.78
19480,-5.79
19490,-5.75
19500,-5.71
19510,-5.67
19520,-5.65
19530,-5.62
19540,-5.63
19550,-5.66
19560,-5.73
19570,-5.83
19580,-5.91
19590,-5.96
19600,-5.98
19610,-5.93
19620,-5.88
19630,-5.84
19640,-5.81
19650,-5.77
19660,-5.78
19670,-5.79
19680,-5.82
19690,-5.81
19700,-5.80
19710,-5.81
19720,-5.88
19730,-5.98
19740,-6.06
19750,-6.09
19760,-6.04
19770,-5.97
19780,-5.94
19790,-5.96
19800,-6.02
19810,-6.07
19820,-6.05
19830,-6.03
19840,-5.99
19850,-5.96
19860,-5.98
19870,-5.99
19880,-6.00
19890,-6.02
19900,-6.02
19910,-5.97
19920,-5.92
19930,-5.90
19940,-5.89
19950,-5.87
19960,-5.91
19970,-5.96
19980,-5.97
19990,-5.95
20000,-5.94
20010,-5.89
20020,-5.84
20030,-5.82
20040,-5.85
20050,-5.88
20060,-5.88
20070,-5.89
20080,-5.89
20090,-5.93
20100,-5.97
20110,-6.02
20120,-6.03
20130,-6.04
20140,-6.01
20150,-5.99
20160,-5.96
20170,-5.95
20180,-5.95
20190,-5.98
20200,-5.99
20210,-5.99
20220,-5.99
20230,-5.98
20240,-5.97
20250,-5.96
20260,-5.95
20270,-5.92
20280,-5.87
20290,-5.82
20300,-5.78
20310,-5.77
20320,-5.79
20330,-5.79
20340,-5.79
20350,-5.79
20360,-5.80
20370,-5.81
20380,-5.81
20390,-5.81
20400,-5.79
20410,-5.81
20420,-5.84
20430,-5.92
20440,-5.93
20450,-5.91
20460,-5.87
20470,-5.88
20480,-5.91
20490,-5.90
20500,-5.88
20510,-5.85
20520,-5.82
20530,-5.81
20540,-5.84
20550,-5.88
20560,-5.90
20570,-5.90
20580,-5.90
20590,-5.89
20600,-5.90
20610,-5.92
20620,-5.96
20630,-5.93
20640,-5.92
20650,-5.90
20660,-5.92
20670,-5.97
20680,-5.98
20690,-5.95
20700,-5.93
20710,-5.92
20720,-5.95
20730,-6.00
20740,-6.05
20750,-6.06
20760,-6.04
20770,-6.00
20780,-5.98
20790,-5.99
20800,-6.06
20810,-6.17
20820,-6.27
20830,-6.25
20840,-6.23
20850,-6.16
20860,-6.10
20870,-6.08
20880,-6.11
20890,-6.12
20900,-6.13
20910,-6.12
20920,-6.10
20930,-6.09
20940,-6.11
20950,-6.17
20960,-6.21
20970,-6.25
20980,-6.22
20990,-6.16
21000,-6.08
21010,-6.04
21020,-6.03
21030,-6.03
21040,-6.05
21050,-6.09
21060,-6.15
21070,-6.21
21080,-6.25
21090,-6.28
21100,-6.28
21110,-6.27
21120,-6.24
21130,-6.23
21140,-6.21
21150,-6.21
21160,-6.21
21170,-6.20
21180,-6.17
21190,-6.14
21200,-6.09
21210,-6.05
21220,-6.01
21230,-6.00
21240,-6.01
21250,-6.03
21260,-6.06
21270,-6.12
21280,-6.17
21290,-6.20
21300,-6.20
21310,-6.18
21320,-6.14
21330,-6.12
21340,-6.10
21350,-6.13
21360,-6.18
21370,-6.17
21380,-6.13
21390,-6.07
21400,-6.03
21410,-6.02
21420,-5.98
21430,-5.95
21440,-5.91
21450,-5.89
21460,-5.95
21470,-6.04
21480,-6.15
21490,-6.20
21500,-6.20
21510,-6.19
21520,-6.17
21530,-6.20
21540,-6.23
21550,-6.23
21560,-6.20
21570,-6.17
21580,-6.15
21590,-6.14
21600,-6.13
21610,-6.12
21620,-6.11
21630,-6.03
21640,-5.97
21650,-5.91
21660,-5.90
21670,-5.96
21680,-6.04
21690,-6.14
21700,-6.21
21710,-6.27
21720,-6.29
21730,-6.29
21740,-6.29
21750,-6.30
21760,-6.33
21770,-6.32
21780,-6.29
21790,-6.29
21800,-6.30
21810,-6.32
21820,-6.36
21830,-6.41
21840,-6.43
21850,-6.44
21860,-6.40
21870,-6.37
21880,-6.36
21890,-6.34
21900,-6.30
21910,-6.29
21920,-6.28
21930,-6.28
21940,-6.28
21950,-6.26
21960,-6.20
21970,-6.13
21980,-6.08
21990,-6.03
22000,-6.05
22010,-6.08
22020,-6.11
22030,-6.17
22040,-6.22
22050,-6.21
22060,-6.19
22070,-6.17
22080,-6.17
22090,-6.21
22100,-6.22
22110,-6.23
22120,-6.24
22130,-6.26
22140,-6.31
22150,-6.33
22160,-6.31
22170,-6.30
22180,-6.29
22190,-6.31
22200,-6.31
22210,-6.26
22220,-6.19
22230,-6.10
22240,-6.09
22250,-6.11
22260,-6.17
22270,-6.19
22280,-6.17
22290,-6.19
22300,-6.20
22310,-6.20
22320,-6.19
22330,-6.17
22340,-6.17
22350,-6.18
22360,-6.21
22370,-6.23
22380,-6.23
22390,-6.22
22400,-6.21
22410,-6.20
22420,-6.20
22430,-6.20
22440,-6.15
22450,-6.09
22460,-6.03
22470,-5.99
22480,-6.05
22490,-6.13
22500,-6.19
22510,-6.20
22520,-6.20
22530,-6.17
22540,-6.17
22550,-6.20
22560,-6.25
22570,-6.29
22580,-6.30
22590,-6.28
22600,-6.23
22610,-6.18
22620,-6.15
22630,-6.17
22640,-6.18
22650,-6.19
22660,-6.16
22670,-6.12
22680,-6.07
22690,-6.00
22700,-5.94
22710,-5.93
22720,-5.91
22730,-5.97
22740,-6.03
22750,-6.08
22760,-6.13
22770,-6.13
22780,-6.13
22790,-6.13
22800,-6.14
22810,-6.17
22820,-6.21
22830,-6.23
22840,-6.25
22850,-6.23
22860,-6.18
22870,-6.14
22880,-6.12
22890,-6.10
22900,-6.11
22910,-6.11
22920,-6.07
22930,-6.03
22940,-5.97
22950,-5.92
22960,-5.94
22970,-5.96
22980,-6.00
22990,-6.04
23000,-6.04
23010,-6.03
23020,-5.98
23030,-5.93
23040,-5.90
23050,-5.89
23060,-5.96
23070,-6.06
23080,-6.12
23090,-6.14
23100,-6.10
23110,-6.04
23120,-6.00
23130,-5.97
23140,-5.96
23150,-5.93
23160,-5.87
23170,-5.78
23180,-5.69
23190,-5.68
23200,-5.68
23210,-5.74
23220,-5.78
23230,-5.75
23240,-5.70
23250,-5.61
23260,-5.52
23270,-5.45
23280,-5.42
23290,-5.41
23300,-5.42
23310,-5.45
23320,-5.51
23330,-5.55
23340,-5.58
23350,-5.57
23360,-5.54
23370,-5.53
23380,-5.57
23390,-5.62
23400,-5.63
23410,-5.64
23420,-5.66
23430,-5.67
23440,-5.69
23450,-5.71
23460,-5.72
23470,-5.74
23480,-5.77
23490,-5.74
23500,-5.70
23510,-5.63
23520,-5.56
23530,-5.56
23540,-5.56
23550,-5.56
23560,-5.56
23570,-5.58
23580,-5.62
23590,-5.66
23600,-5.68
23610,-5.66
23620,-5.59
23630,-5.52
23640,-5.44
23650,-5.42
23660,-5.42
23670,-5.44
23680,-5.46
23690,-5.49
23700,-5.53
23710,-5.53
23720,-5.53
23730,-5.60
23740,-5.70
23750,-5.81
23760,-5.87
23770,-5.78
23780,-5.67
23790,-5.55
23800,-5.47
23810,-5.43
23820,-5.43
23830,-5.47
23840,-5.53
23850,-5.58
23860,-5.62
23870,-5.65
23880,-5.70
23890,-5.76
23900,-5.81
23910,-5.86
23920,-5.89
23930,-5.91
23940,-5.92
23950,-5.97
23960,-6.02
23970,-6.12
23980,-6.19
23990,-6.23
24000,-6.25
24010,-6.26
24020,-6.29
24030,-6.32
24040,-6.32
24050,-6.29
24060,-6.25
24070,-6.18
24080,-6.13
24090,-6.08
24100,-6.11
24110,-6.14
24120,-6.22
24130,-6.24
24140,-6.23
24150,-6.23
24160,-6.24
24170,-6.34
24180,-6.43
24190,-6.48
24200,-6.52
24210,-6.50
24220,-6.52
24230,-6.54
24240,-6.52
24250,-6.47
24260,-6.38
24270,-6.29
24280,-6.23
24290,-6.19
24300,-6.19
24310,-6.21
24320,-6.21
24330,-6.22
24340,-6.24
24350,-6.25
24360,-6.20
24370,-6.18
24380,-6.16
24390,-6.18
24400,-6.21
24410,-6.23
24420,-6.24
24430,-6.26
24440,-6.31
24450,-6.36
24460,-6.38
24470,-6.38
24480,-6.35
24490,-6.35
24500,-6.39
24510,-6.46
24520,-6.48
24530,-6.46
24540,-6.44
24550,-6.43
24560,-6.46
24570,-6.44
24580,-6.40
24590,-6.35
24600,-6.40
24610,-6.45
24620,-6.52
24630,-6.52
24640,-6.47
24650,-6.41
24660,-6.38
24670,-6.35
24680,-6.33
24690,-6.32
24700,-6.29
24710,-6.23
24720,-6.21
24730,-6.24
24740,-6.26
24750,-6.25
24760,-6.25
24770,-6.25
24780,-6.25
24790,-6.31
24800,-6.36
24810,-6.39
24820,-6.40
24830,-6.36
24840,-6.32
24850,-6.34
24860,-6.38
24870,-6.43
24880,-6.49
24890,-6.50
24900,-6.47
24910,-6.39
24920,-6.38
24930,-6.39
24940,-6.40
24950,-6.38
24960,-6.32
24970,-6.27
24980,-6.22
24990,-6.17
25000,-6.15
25010,-6.15
25020,-6.20
25030,-6.31
25040,-6.40
25050,-6.46
25060,-6.50
25070,-6.51
25080,-6.53
25090,-6.55
25100,-6.52
25110,-6.48
25120,-6.44
25130,-6.44
25140,-6.43
25150,-6.40
25160,-6.38
25170,-6.37
25180,-6.39
25190,-6.35
25200,-6.30
25210,-6.24
25220,-6.19
25230,-6.17
25240,-6.17
25250,-6.17
25260,-6.23
25270,-6.30
25280,-6.35
25290,-6.34
25300,-6.33
25310,-6.34
25320,-6.36
25330,-6.39
25340,-6.40
25350,-6.37
25360,-6.34
25370,-6.29
25380,-6.25
25390,-6.26
25400,-6.29
25410,-6.29
25420,-6.31
25430,-6.29
25440,-6.29
25450,-6.31
25460,-6.33
25470,-6.38
25480,-6.45
25490,-6.47
25500,-6.49
25510,-6.52
25520,-6.57
25530,-6.63
25540,-6.68
25550,-6.75
25560,-6.82
25570,-6.84
25580,-6.76
25590,-6.65
25600,-6.61
25610,-6.58
25620,-6.57
25630,-6.53
25640,-6.48
25650,-6.44
25660,-6.43
25670,-6.45
25680,-6.54
25690,-6.61
25700,-6.68
25710,-6.66
25720,-6.63
25730,-6.60
25740,-6.66
25750,-6.71
25760,-6.80
25770,-6.79
25780,-6.72
25790,-6.62
25800,-6.55
25810,-6.55
25820,-6.58
25830,-6.60
25840,-6.60
25850,-6.58
25860,-6.55
25870,-6.50
25880,-6.51
25890,-6.52
25900,-6.55
25910,-6.57
25920,-6.55
25930,-6.54
25940,-6.55
25950,-6.60
25960,-6.61
25970,-6.61
25980,-6.62
25990,-6.62
26000,-6.63
26010,-6.58
26020,-6.53
26030,-6.50
26040,-6.51
26050,-6.49
26060,-6.48
26070,-6.47
26080,-6.47
26090,-6.50
26100,-6.53
26110,-6.55
26120,-6.56
26130,-6.58
26140,-6.58
26150,-6.62
26160,-6.64
26170,-6.63
26180,-6.60
26190,-6.53
26200,-6.44
26210,-6.41
26220,-6.36
26230,-6.29
26240,-6.22
26250,-6.15
26260,-6.18
26270,-6.23
26280,-6.33
26290,-6.40
26300,-6.45
26310,-6.47
26320,-6.47
26330,-6.49
26340,-6.51
26350,-6.56
26360,-6.51
26370,-6.38
26380,-6.25
26390,-6.17
26400,-6.15
26410,-6.18
26420,-6.20
26430,-6.22
26440,-6.18
26450,-6.12
26460,-6.07
26470,-6.10
26480,-6.16
26490,-6.23
26500,-6.26
26510,-6.25
26520,-6.24
26530,-6.28
26540,-6.37
26550,-6.46
26560,-6.48
26570,-6.51
26580,-6.48
26590,-6.46
26600,-6.44
26610,-6.39
26620,-6.38
26630,-6.42
26640,-6.44
26650,-6.34
26660,-6.22
26670,-6.12
26680,-6.13
26690,-6.23
26700,-6.35
26710,-6.40
26720,-6.44
26730,-6.46
26740,-6.47
26750,-6.51
26760,-6.52
26770,-6.51
26780,-6.44
26790,-6.36
26800,-6.32
26810,-6.30
26820,-6.28
26830,-6.24
26840,-6.26
26850,-6.31
26860,-6.39
26870,-6.42
26880,-6.44
26890,-6.46
26900,-6.55
26910,-6.64
26920,-6.72
26930,-6.79
26940,-6.79
26950,-6.71
26960,-6.66
26970,-6.65
26980,-6.61
26990,-6.53
27000,-6.48
27010,-6.44
27020,-6.45
27030,-6.46
27040,-6.48
27050,-6.53
27060,-6.57
27070,-6.57
27080,-6.54
27090,-6.49
27100,-6.43
27110,-6.35
27120,-6.30
27130,-6.23
27140,-6.21
27150,-6.28
27160,-6.39
27170,-6.48
27180,-6.55
27190,-6.60
27200,-6.63
27210,-6.66
27220,-6.65
27230,-6.66
27240,-6.67
27250,-6.65
27260,-6.54
27270,-6.43
27280,-6.34
27290,-6.35
27300,-6.42
27310,-6.49
27320,-6.52
27330,-6.51
27340,-6.50
27350,-6.46
27360,-6.43
27370,-6.41
27380,-6.41
27390,-6.41
27400,-6.42
27410,-6.41
27420,-6.41
27430,-6.37
27440,-6.31
27450,-6.22
27460,-6.16
27470,-6.14
27480,-6.15
27490,-6.11
27500,-5.99
27510,-5.88
27520,-5.84
27530,-5.83
27540,-5.82
27550,-5.84
27560,-5.87
27570,-5.88
27580,-5.82
27590,-5.73
27600,-5.65
27610,-5.63
27620,-5.65
27630,-5.66
27640,-5.62
27650,-5.57
27660,-5.53
27670,-5.47
27680,-5.40
27690,-5.35
27700,-5.39
27710,-5.47
27720,-5.58
27730,-5.62
27740,-5.64
27750,-5.67
27760,-5.72
27770,-5.71
27780,-5.72
27790,-5.74
27800,-5.76
27810,-5.75
27820,-5.72
27830,-5.73
27840,-5.77
27850,-5.83
27860,-5.90
27870,-5.96
27880,-6.00
27890,-6.01
27900,-5.95
27910,-5.90
27920,-5.92
27930,-5.97
27940,-5.96
27950,-5.85
27960,-5.76
27970,-5.67
27980,-5.63
27990,-5.60
28000,-5.57
28010,-5.52
28020,-5.54
28030,-5.53
28040,-5.47
28050,-5.42
28060,-5.41
28070,-5.41
28080,-5.45
28090,-5.49
28100,-5.54
28110,-5.55
28120,-5.54
28130,-5.56
28140,-5.62
28150,-5.69
28160,-5.71
28170,-5.70
28180,-5.70
28190,-5.73
28200,-5.72
28210,-5.69
28220,-5.67
28230,-5.67
28240,-5.69
28250,-5.71
28260,-5.72
28270,-5.72
28280,-5.70
28290,-5.68
28300,-5.67
28310,-5.72
28320,-5.73
28330,-5.71
28340,-5.67
28350,-5.69
28360,-5.77
28370,-5.90
28380,-6.02
28390,-6.11
28400,-6.17
28410,-6.21
28420,-6.20
28430,-6.20
28440,-6.22
28450,-6.27
28460,-6.30
28470,-6.31
28480,-6.27
28490,-6.23
28500,-6.19
28510,-6.11
28520,-6.07
28530,-6.06
28540,-6.16
28550,-6.23
28560,-6.27
28570,-6.24
28580,-6.22
28590,-6.19
28600,-6.19
28610,-6.18
28620,-6.14
28630,-6.09
28640,-6.06
28650,-6.01
28660,-5.95
28670,-5.88
28680,-5.80
28690,-5.74
28700,-5.69
28710,-5.68
28720,-5.70
28730,-5.71
28740,-5.69
28750,-5.59
28760,-5.49
28770,-5.41
28780,-5.37
28790,-5.35
28800,-5.34
28810,-5.34
28820,-5.28
28830,-5.21
28840,-5.13
28850,-5.10
28860,-5.09
28870,-5.14
28880,-5.20
28890,-5.23
28900,-5.25
28910,-5.29
28920,-5.33
28930,-5.33
28940,-5.33
28950,-5.30
28960,-5.29
28970,-5.27
28980,-5.23
28990,-5.15
29000,-5.07
29010,-5.01
29020,-4.97
29030,-4.99
29040,-5.01
29050,-5.02
29060,-5.04
29070,-5.09
29080,-5.15
29090,-5.25
29100,-5.30
29110,-5.31
29120,-5.27
29130,-5.27
29140,-5.30
29150,-5.36
29160,-5.40
29170,-5.43
29180,-5.43
29190,-5.43
29200,-5.40
29210,-5.38
29220,-5.38
29230,-5.37
29240,-5.35
29250,-5.31
29260,-5.26
29270,-5.20
29280,-5.19
29290,-5.19
29300,-5.21
29310,-5.21
29320,-5.22
29330,-5.19
29340,-5.15
29350,-5.10
29360,-5.04
29370,-4.99
29380,-4.99
29390,-4.99
29400,-5.00
29410,-4.97
29420,-4.96
29430,-4.99
29440,-5.05
29450,-5.08
29460,-5.08
29470,-5.07
29480,-5.06
29490,-5.09
29500,-5.12
29510,-5.12
29520,-5.12
29530,-5.13
29540,-5.14
29550,-5.14
29560,-5.11
29570,-5.10
29580,-5.09
29590,-5.09
29600,-5.12
29610,-5.18
29620,-5.26
29630,-5.28
29640,-5.19
29650,-5.05
29660,-4.98
29670,-4.95
29680,-4.99
29690,-5.07
29700,-5.14
29710,-5.20
29720,-5.26
29730,-5.29
29740,-5.30
29750,-5.29
29760,-5.28
29770,-5.28
29780,-5.27
29790,-5.29
29800,-5.29
29810,-5.29
29820,-5.31
29830,-5.38
29840,-5.43
29850,-5.45
29860,-5.43
29870,-5.39
29880,-5.32
29890,-5.25
29900,-5.23
29910,-5.23
29920,-5.25
29930,-5.31
29940,-5.37
29950,-5.36
29960,-5.29
29970,-5.18
29980,-5.12
29990,-5.06
30000,-5.08
30010,-5.08
30020,-5.06
30030,-5.05
30040,-5.06
30050,-5.09
30060,-5.10
30070,-5.10
30080,-5.12
30090,-5.15
30100,-5.19
30110,-5.24
30120,-5.27
30130,-5.31
30140,-5.37
30150,-5.44
30160,-5.51
30170,-5.57
30180,-5.61
30190,-5.69
30200,-5.77
30210,-5.81
30220,-5.82
30230,-5.82
30240,-5.84
30250,-5.87
30260,-5.89
30270,-5.90
30280,-5.90
30290,-5.89
30300,-5.91
30310,-5.92
30320,-5.92
30330,-5.92
30340,-5.93
30350,-5.93
30360,-5.93
30370,-5.92
30380,-5.91
30390,-5.93
30400,-5.95
30410,-5.96
30420,-5.98
30430,-5.96
30440,-5.95
30450,-5.95
30460,-5.95
30470,-5.95
30480,-5.97
30490,-6.00
30500,-6.02
30510,-6.04
30520,-6.06
30530,-6.07
30540,-6.05
30550,-6.01
30560,-5.99
30570,-5.95
30580,-5.90
30590,-5.84
30600,-5.84
30610,-5.84
30620,-5.85
30630,-5.83
30640,-5.83
30650,-5.81
30660,-5.80
30670,-5.74
30680,-5.66
30690,-5.55
30700,-5.48
30710,-5.41
30720,-5.42
30730,-5.48
30740,-5.56
30750,-5.62
30760,-5.64
30770,-5.66
30780,-5.66
30790,-5.66
30800,-5.70
30810,-5.71
30820,-5.68
30830,-5.65
30840,-5.62
30850,-5.62
30860,-5.62
30870,-5.64
30880,-5.68
30890,-5.68
30900,-5.68
30910,-5.68
30920,-5.69
30930,-5.68
30940,-5.66
30950,-5.65
30960,-5.66
30970,-5.68
30980,-5.68
30990,-5.67
31000,-5.65
31010,-5.62
31020,-5.62
31030,-5.63
31040,-5.64
31050,-5.66
31060,-5.71
31070,-5.78
31080,-5.82
31090,-5.82
31100,-5.75
31110,-5.66
31120,-5.56
31130,-5.46
31140,-5.39
31150,-5.36
31160,-5.38
31170,-5.42
31180,-5.46
31190,-5.51
31200,-5.51
31210,-5.54
31220,-5.58
31230,-5.62
31240,-5.66
31250,-5.71
31260,-5.75
31270,-5.77
31280,-5.80
31290,-5.83
31300,-5.83
31310,-5.85
31320,-5.86
31330,-5.85
31340,-5.84
31350,-5.87
31360,-5.90
31370,-5.90
31380,-5.89
31390,-5.88
31400,-5.88
31410,-5.87
31420,-5.85
31430,-5.88
31440,-5.91
31450,-5.93
31460,-5.96
31470,-6.03
31480,-6.10
31490,-6.11
31500,-6.11
31510,-6.11
31520,-6.09
31530,-6.06
31540,-6.03
31550,-6.03
31560,-6.04
31570,-6.02
31580,-6.01
31590,-5.98
31600,-5.95
31610,-5.92
31620,-5.89
31630,-5.86
31640,-5.82
31650,-5.81
31660,-5.83
31670,-5.84
31680,-5.84
31690,-5.84
31700,-5.84
31710,-5.83
31720,-5.82
31730,-5.84
31740,-5.87
31750,-5.91
31760,-5.94
31770,-5.98
31780,-5.99
31790,-5.95
31800,-5.91
31810,-5.89
31820,-5.88
31830,-5.86
31840,-5.87
31850,-5.90
31860,-5.92
31870,-5.92
31880,-5.91
31890,-5.89
31900,-5.86
31910,-5.85
31920,-5.83
31930,-5.83
31940,-5.83
31950,-5.85
31960,-5.88
31970,-5.90
31980,-5.91
31990,-5.92
32000,-5.91
32010,-5.92
32020,-5.92
32030,-5.94
32040,-5.94
32050,-5.93
32060,-5.90
32070,-5.82
32080,-5.74
32090,-5.67
32100,-5.61
32110,-5.55
32120,-5.50
32130,-5.48
32140,-5.47
32150,-5.47
32160,-5.47
32170,-5.47
32180,-5.45
32190,-5.43
32200,-5.41
32210,-5.38
32220,-5.35
32230,-5.32
32240,-5.29
32250,-5.26
32260,-5.27
32270,-5.26
32280,-5.27
32290,-5.28
32300,-5.29
32310,-5.29
32320,-5.28
32330,-5.27
32340,-5.24
32350,-5.21
32360,-5.18
32370,-5.20
32380,-5.21
32390,-5.24
32400,-5.28
32410,-5.28
32420,-5.29
32430,-5.30
32440,-5.31
32450,-5.29
32460,-5.27
32470,-5.25
32480,-5.23
32490,-5.23
32500,-5.22
32510,-5.21
32520,-5.19
32530,-5.18
32540,-5.17
32550,-5.16
32560,-5.16
32570,-5.18
32580,-5.21
32590,-5.24
32600,-5.30
32610,-5.35
32620,-5.38
32630,-5.38
32640,-5.37
32650,-5.35
32660,-5.31
32670,-5.27
32680,-5.24
32690,-5.21
32700,-5.16
32710,-5.12
32720,-5.07
32730,-5.08
32740,-5.11
32750,-5.15
32760,-5.19
32770,-5.22
32780,-5.24
32790,-5.23
32800,-5.22
32810,-5.20
32820,-5.19
32830,-5.19
32840,-5.20
32850,-5.20
32860,-5.20
32870,-5.20
32880,-5.20
32890,-5.20
32900,-5.20
32910,-5.21
32920,-5.21
32930,-5.19
32940,-5.18
32950,-5.17
32960,-5.15
32970,-5.14
32980,-5.15
32990,-5.18
33000,-5.22
33010,-5.25
33020,-5.29
33030,-5.35
33040,-5.35
33050,-5.36
33060,-5.37
33070,-5.39
33080,-5.42
33090,-5.47
33100,-5.52
33110,-5.59
33120,-5.64
33130,-5.66
33140,-5.69
33150,-5.72
33160,-5.75
33170,-5.79
33180,-5.83
33190,-5.83
33200,-5.84
33210,-5.82
33220,-5.80
33230,-5.80
33240,-5.79
33250,-5.79
33260,-5.80
33270,-5.80
33280,-5.80
33290,-5.80
33300,-5.81
33310,-5.81
33320,-5.81
33330,-5.81
33340,-5.80
33350,-5.80
33360,-5.81
33370,-5.81
33380,-5.84
33390,-5.87
33400,-5.89
33410,-5.92
33420,-5.92
33430,-5.91
33440,-5.88
33450,-5.81
33460,-5.73
33470,-5.68
33480,-5.64
33490,-5.61
33500,-5.58
33510,-5.53
33520,-5.48
33530,-5.42
33540,-5.36
33550,-5.35
33560,-5.34
33570,-5.34
33580,-5.32
33590,-5.29
33600,-5.27
33610,-5.22
33620,-5.16
33630,-5.10
33640,-5.06
33650,-5.02
33660,-5.00
33670,-4.98
33680,-4.97
33690,-4.96
33700,-4.94
33710,-4.92
33720,-4.91
33730,-4.91
33740,-4.91
33750,-4.92
33760,-4.95
33770,-4.98
33780,-5.02
33790,-5.05
33800,-5.09
33810,-5.09
33820,-5.09
33830,-5.08
33840,-5.07
33850,-5.05
33860,-5.03
33870,-5.01
33880,-5.00
33890,-4.99
33900,-5.00
33910,-5.00
33920,-5.01
33930,-5.07
33940,-5.12
33950,-5.19
33960,-5.25
33970,-5.29
33980,-5.32
33990,-5.32
34000,-5.31
34010,-5.28
34020,-5.26
34030,-5.26
34040,-5.25
34050,-5.24
34060,-5.25
34070,-5.25
34080,-5.24
34090,-5.24
34100,-5.24
34110,-5.22
34120,-5.24
34130,-5.26
34140,-5.27
34150,-5.28
34160,-5.29
34170,-5.26
34180,-5.23
34190,-5.20
34200,-5.17
34210,-5.17
34220,-5.18
34230,-5.20
34240,-5.22
34250,-5.24
34260,-5.26
34270,-5.28
34280,-5.29
34290,-5.31
34300,-5.33
34310,-5.36
34320,-5.39
34330,-5.43
34340,-5.46
34350,-5.49
34360,-5.51
34370,-5.53
34380,-5.56
34390,-5.59
34400,-5.62
34410,-5.64
34420,-5.67
34430,-5.68
34440,-5.69
34450,-5.73
34460,-5.77
34470,-5.80
34480,-5.83
34490,-5.83
34500,-5.82
34510,-5.80
34520,-5.80
34530,-5.80
34540,-5.79
34550,-5.79
34560,-5.78
34570,-5.76
34580,-5.75
34590,-5.75
34600,-5.76
34610,-5.77
34620,-5.78
34630,-5.78
34640,-5.79
34650,-5.80
34660,-5.81
34670,-5.82
34680,-5.81
34690,-5.75
34700,-5.69
34710,-5.61
34720,-5.54
34730,-5.52
34740,-5.53
34750,-5.56
34760,-5.59
34770,-5.60
34780,-5.64
34790,-5.70
34800,-5.72
34810,-5.74
34820,-5.75
34830,-5.76
34840,-5.76
34850,-5.76
34860,-5.76
34870,-5.76
34880,-5.85
34890,-5.95
34900,-6.03
34910,-6.07
34920,-6.04
34930,-6.01
34940,-5.97
34950,-5.94
34960,-5.92
34970,-5.89
34980,-5.86
34990,-5.78
35000,-5.72
35010,-5.70
35020,-5.68
35030,-5.68
35040,-5.63
35050,-5.59
35060,-5.55
35070,-5.52
35080,-5.53
35090,-5.53
35100,-5.52
35110,-5.50
35120,-5.47
35130,-5.43
35140,-5.38
35150,-5.33
35160,-5.28
35170,-5.26
35180,-5.30
35190,-5.35
35200,-5.38
35210,-5.39
35220,-5.40
35230,-5.41
35240,-5.41
35250,-5.39
35260,-5.38
35270,-5.39
35280,-5.37
35290,-5.35
35300,-5.31
35310,-5.25
35320,-5.20
35330,-5.15
35340,-5.09
35350,-5.04
35360,-5.02
35370,-5.00
35380,-4.97
35390,-4.99
35400,-4.98
35410,-4.99
35420,-5.02
35430,-5.03
35440,-5.04
35450,-5.00
35460,-4.97
35470,-4.92
35480,-4.89
35490,-4.86
35500,-4.89
35510,-4.92
35520,-4.95
35530,-4.97
35540,-4.99
35550,-4.98
35560,-4.96
35570,-4.92
35580,-4.88
35590,-4.86
35600,-4.85
35610,-4.85
35620,-4.83
35630,-4.81
35640,-4.83
35650,-4.86
35660,-4.90
35670,-4.91
35680,-4.91
35690,-4.92
35700,-4.93
35710,-4.94
35720,-4.93
35730,-4.89
35740,-4.83
35750,-4.76
35760,-4.72
35770,-4.69
35780,-4.69
35790,-4.68
35800,-4.66
35810,-4.66
35820,-4.68
35830,-4.69
35840,-4.69
35850,-4.69
35860,-4.70
35870,-4.75
35880,-4.80
35890,-4.86
35900,-4.93
35910,-4.98
35920,-5.02
35930,-5.07
35940,-5.09
35950,-5.09
35960,-5.04
35970,-4.98
35980,-4.93
35990,-4.87
36000,-4.81
36010,-4.76
36020,-4.71
36030,-4.67
36040,-4.66
36050,-4.66
36060,-4.68
36070,-4.71
36080,-4.74
36090,-4.77
36100,-4.82
36110,-4.88
36120,-4.96
36130,-5.03
36140,-5.07
36150,-5.08
36160,-5.09
36170,-5.08
36180,-5.07
36190,-5.06
36200,-5.05
36210,-5.05
36220,-5.04
36230,-5.07
36240,-5.12
36250,-5.15
36260,-5.14
36270,-5.09
36280,-5.03
36290,-4.97
36300,-4.93
36310,-4.92
36320,-4.93
36330,-4.96
36340,-4.99
36350,-5.03
36360,-5.09
36370,-5.14
36380,-5.17
36390,-5.19
36400,-5.20
36410,-5.21
36420,-5.21
36430,-5.21
36440,-5.18
36450,-5.15
36460,-5.12
36470,-5.09
36480,-5.09
36490,-5.11
36500,-5.15
36510,-5.18
36520,-5.23
36530,-5.29
36540,-5.37
36550,-5.46
36560,-5.53
36570,-5.56
36580,-5.57
36590,-5.57
36600,-5.52
36610,-5.48
36620,-5.44
36630,-5.38
36640,-5.35
36650,-5.39
36660,-5.44
36670,-5.49
36680,-5.54
36690,-5.55
36700,-5.55
36710,-5.54
36720,-5.50
36730,-5.44
36740,-5.37
36750,-5.30
36760,-5.26
36770,-5.25
36780,-5.25
36790,-5.27
36800,-5.31
36810,-5.36
36820,-5.40
36830,-5.42
36840,-5.44
36850,-5.42
36860,-5.41
36870,-5.40
36880,-5.37
36890,-5.34
36900,-5.31
36910,-5.31
36920,-5.30
36930,-5.31
36940,-5.33
36950,-5.36
36960,-5.38
36970,-5.40
36980,-5.40
36990,-5.40
37000,-5.40
37010,-5.39
37020,-5.39
37030,-5.38
37040,-5.36
37050,-5.37
37060,-5.37
37070,-5.40
37080,-5.41
37090,-5.43
37100,-5.44
37110,-5.43
37120,-5.37
37130,-5.30
37140,-5.24
37150,-5.23
37160,-5.22
37170,-5.23
37180,-5.27
37190,-5.31
37200,-5.35
37210,-5.37
37220,-5.36
37230,-5.37
37240,-5.38
37250,-5.41
37260,-5.42
37270,-5.40
37280,-5.34
37290,-5.28
37300,-5.20
37310,-5.11
37320,-5.05
37330,-5.03
37340,-5.06
37350,-5.11
37360,-5.16
37370,-5.19
37380,-5.21
37390,-5.20
37400,-5.19
37410,-5.10
37420,-5.03
37430,-4.98
37440,-4.94
37450,-4.94
37460,-4.96
37470,-4.96
37480,-4.96
37490,-4.98
37500,-4.98
37510,-4.97
37520,-4.99
37530,-5.02
37540,-5.05
37550,-5.09
37560,-5.11
37570,-5.07
37580,-5.04
37590,-4.98
37600,-4.91
37610,-4.87
37620,-4.84
37630,-4.80
37640,-4.77
37650,-4.76
37660,-4.74
37670,-4.73
37680,-4.70
37690,-4.67
37700,-4.67
37710,-4.68
37720,-4.70
37730,-4.72
37740,-4.75
37750,-4.77
37760,-4.80
37770,-4.84
37780,-4.88
37790,-4.89
37800,-4.89
37810,-4.89
37820,-4.87
37830,-4.85
37840,-4.85
37850,-4.82
37860,-4.82
37870,-4.80
37880,-4.75
37890,-4.70
37900,-4.68
37910,-4.65
37920,-4.64
37930,-4.63
37940,-4.62
37950,-4.60
37960,-4.57
37970,-4.56
37980,-4.55
37990,-4.54
38000,-4.53
38010,-4.50
38020,-4.46
38030,-4.42
38040,-4.35
38050,-4.27
38060,-4.21
38070,-4.15
38080,-4.09
38090,-4.03
38100,-3.97
38110,-3.92
38120,-3.88
38130,-3.85
38140,-3.83
38150,-3.83
38160,-3.84
38170,-3.87
38180,-3.88
38190,-3.87
38200,-3.85
38210,-3.77
38220,-3.74
38230,-3.72
38240,-3.72
38250,-3.74
38260,-3.77
38270,-3.75
38280,-3.76
38290,-3.76
38300,-3.80
38310,-3.86
38320,-3.93
38330,-4.00
38340,-4.06
38350,-4.09
38360,-4.09
38370,-4.11
38380,-4.14
38390,-4.14
38400,-4.16
38410,-4.18
38420,-4.17
38430,-4.16
38440,-4.16
38450,-4.16
38460,-4.18
38470,-4.21
38480,-4.21
38490,-4.20
38500,-4.16
38510,-4.11
38520,-4.08
38530,-4.07
38540,-4.08
38550,-4.13
38560,-4.17
38570,-4.20
38580,-4.25
38590,-4.30
38600,-4.33
38610,-4.33
38620,-4.32
38630,-4.31
38640,-4.26
38650,-4.23
38660,-4.21
38670,-4.15
38680,-4.09
38690,-4.01
38700,-3.95
38710,-3.93
38720,-3.94
38730,-4.02
38740,-4.12
38750,-4.19
38760,-4.26
38770,-4.28
38780,-4.27
38790,-4.23
38800,-4.15
38810,-4.07
38820,-4.06
38830,-4.06
38840,-4.09
38850,-4.12
38860,-4.13
38870,-4.16
38880,-4.18
38890,-4.21
38900,-4.23
38910,-4.25
38920,-4.27
38930,-4.27
38940,-4.26
38950,-4.25
38960,-4.23
38970,-4.18
38980,-4.12
38990,-4.09
39000,-4.11
39010,-4.18
39020,-4.27
39030,-4.32
39040,-4.34
39050,-4.35
39060,-4.34
39070,-4.31
39080,-4.29
39090,-4.27
39100,-4.26
39110,-4.26
39120,-4.24
39130,-4.20
39140,-4.18
39150,-4.15
39160,-4.13
39170,-4.11
39180,-4.07
39190,-4.05
39200,-4.03
39210,-4.03
39220,-4.05
39230,-4.09
39240,-4.12
39250,-4.13
39260,-4.14
39270,-4.10
39280,-4.07
39290,-4.05
39300,-4.03
39310,-4.03
39320,-4.04
39330,-4.04
39340,-4.05
39350,-4.08
39360,-4.11
39370,-4.13
39380,-4.16
39390,-4.20
39400,-4.25
39410,-4.32
39420,-4.37
39430,-4.41
39440,-4.44
39450,-4.50
39460,-4.56
39470,-4.62
39480,-4.65
39490,-4.65
39500,-4.67
39510,-4.68
39520,-4.71
39530,-4.74
39540,-4.78
39550,-4.82
39560,-4.84
39570,-4.86
39580,-4.89
39590,-4.92
39600,-4.97
39610,-5.00
39620,-5.03
39630,-5.06
39640,-5.06
39650,-5.06
39660,-5.06
39670,-5.05
39680,-5.03
39690,-5.03
39700,-5.06
39710,-5.06
39720,-5.08
39730,-5.13
39740,-5.20
39750,-5.29
39760,-5.37
39770,-5.42
39780,-5.40
39790,-5.36
39800,-5.29
39810,-5.26
39820,-5.26
39830,-5.28
39840,-5.32
39850,-5.35
39860,-5.38
39870,-5.40
39880,-5.44
39890,-5.45
39900,-5.47
39910,-5.50
39920,-5.54
39930,-5.58
39940,-5.60
39950,-5.61
39960,-5.59
39970,-5.58
39980,-5.60
39990,-5.62
40000,-5.64
40010,-5.65
40020,-5.65
40030,-5.65
40040,-5.66
40050,-5.64
40060,-5.63
40070,-5.61
40080,-5.58
40090,-5.54
40100,-5.50
40110,-5.46
40120,-5.41
40130,-5.35
40140,-5.30
40150,-5.26
40160,-5.22
40170,-5.20
40180,-5.20
40190,-5.21
40200,-5.23
40210,-5.22
40220,-5.21
40230,-5.20
40240,-5.19
40250,-5.17
40260,-5.16
40270,-5.18
40280,-5.22
40290,-5.26
40300,-5.27
40310,-5.28
40320,-5.29
40330,-5.28
40340,-5.26
40350,-5.26
40360,-5.28
40370,-5.29
40380,-5.31
40390,-5.31
40400,-5.31
40410,-5.31
40420,-5.30
40430,-5.28
40440,-5.26
40450,-5.24
40460,-5.22
40470,-5.22
40480,-5.23
40490,-5.25
40500,-5.25
40510,-5.26
40520,-5.27
40530,-5.30
40540,-5.32
40550,-5.34
40560,-5.39
40570,-5.42
40580,-5.44
40590,-5.44
40600,-5.44
40610,-5.40
40620,-5.37
40630,-5.34
40640,-5.31
40650,-5.28
40660,-5.26
40670,-5.24
40680,-5.23
40690,-5.22
40700,-5.19
40710,-5.18
40720,-5.18
40730,-5.19
40740,-5.19
40750,-5.21
40760,-5.23
40770,-5.26
40780,-5.29
40790,-5.33
40800,-5.37
40810,-5.42
40820,-5.47
40830,-5.49
40840,-5.51
40850,-5.53
40860,-5.55
40870,-5.55
40880,-5.55
40890,-5.52
40900,-5.48
40910,-5.43
40920,-5.40
40930,-5.38
40940,-5.37
40950,-5.41
40960,-5.48
40970,-5.55
40980,-5.59
40990,-5.63
41000,-5.67
41010,-5.70
41020,-5.72
41030,-5.75
41040,-5.79
41050,-5.80
41060,-5.78
41070,-5.75
41080,-5.69
41090,-5.64
41100,-5.60
41110,-5.58
41120,-5.56
41130,-5.54
41140,-5.52
41150,-5.47
41160,-5.46
41170,-5.47
41180,-5.48
41190,-5.49
41200,-5.51
41210,-5.52
41220,-5.50
41230,-5.45
41240,-5.43
41250,-5.43
41260,-5.44
41270,-5.48
41280,-5.51
41290,-5.52
41300,-5.51
41310,-5.46
41320,-5.37
41330,-5.28
41340,-5.17
41350,-5.06
41360,-4.96
41370,-4.87
41380,-4.84
41390,-4.83
41400,-4.86
41410,-4.90
41420,-4.94
41430,-4.95
41440,-4.97
41450,-4.97
41460,-4.97
41470,-4.97
41480,-4.95
41490,-4.90
41500,-4.86
41510,-4.84
41520,-4.82
41530,-4.80
41540,-4.79
41550,-4.77
41560,-4.77
41570,-4.78
41580,-4.78
41590,-4.77
41600,-4.78
41610,-4.77
41620,-4.76
41630,-4.74
41640,-4.72
41650,-4.72
41660,-4.75
41670,-4.83
41680,-4.90
41690,-4.97
41700,-5.03
41710,-5.07
41720,-5.09
41730,-5.11
41740,-5.09
41750,-5.06
41760,-5.01
41770,-4.96
41780,-4.89
41790,-4.81
41800,-4.76
41810,-4.72
41820,-4.70
41830,-4.74
41840,-4.78
41850,-4.83
41860,-4.85
41870,-4.90
41880,-4.94
41890,-4.96
41900,-4.95
41910,-4.94
41920,-4.94
41930,-4.95
41940,-4.98
41950,-5.05
41960,-5.11
41970,-5.16
41980,-5.21
41990,-5.27
42000,-5.30
42010,-5.32
42020,-5.34
42030,-5.34
42040,-5.31
42050,-5.28
42060,-5.28
42070,-5.27
42080,-5.27
42090,-5.29
42100,-5.32
42110,-5.34
42120,-5.36
42130,-5.39
42140,-5.41
42150,-5.43
42160,-5.46
42170,-5.49
42180,-5.52
42190,-5.53
42200,-5.54
42210,-5.53
42220,-5.49
42230,-5.46
42240,-5.45
42250,-5.49
42260,-5.54
42270,-5.61
42280,-5.69
42290,-5.76
42300,-5.80
42310,-5.82
42320,-5.82
42330,-5.78
42340,-5.75
42350,-5.72
42360,-5.67
42370,-5.62
42380,-5.59
42390,-5.55
42400,-5.50
42410,-5.46
42420,-5.43
42430,-5.39
42440,-5.34
42450,-5.28
42460,-5.22
42470,-5.21
42480,-5.20
42490,-5.19
42500,-5.20
42510,-5.22
42520,-5.22
42530,-5.22
42540,-5.22
42550,-5.22
42560,-5.21
42570,-5.18
42580,-5.14
42590,-5.11
42600,-5.09
42610,-5.08
42620,-5.09
42630,-5.10
42640,-5.10
42650,-5.10
42660,-5.10
42670,-5.09
42680,-5.07
42690,-5.04
42700,-4.99
42710,-4.96
42720,-4.91
42730,-4.89
42740,-4.89
42750,-4.89
42760,-4.92
42770,-4.99
42780,-5.03
42790,-5.06
42800,-5.08
42810,-5.09
42820,-5.10
42830,-5.10
42840,-5.08
42850,-5.05
42860,-5.05
42870,-5.04
42880,-5.03
42890,-5.01
42900,-4.99
42910,-4.99
42920,-4.98
42930,-4.98
42940,-5.00
42950,-5.03
42960,-5.05
42970,-5.05
42980,-5.03
42990,-4.98
43000,-4.93
43010,-4.90
43020,-4.89
43030,-4.89
43040,-4.90
43050,-4.91
43060,-4.90
43070,-4.87
43080,-4.84
43090,-4.79
43100,-4.72
43110,-4.66
43120,-4.61
43130,-4.56
43140,-4.52
43150,-4.52
43160,-4.54
43170,-4.56
43180,-4.58
43190,-4.61
43200,-4.65
43210,-4.67
43220,-4.68
43230,-4.70
43240,-4.72
43250,-4.71
43260,-4.70
43270,-4.67
43280,-4.60
43290,-4.53
43300,-4.45
43310,-4.38
43320,-4.31
43330,-4.24
43340,-4.19
43350,-4.15
43360,-4.13
43370,-4.13
43380,-4.14
43390,-4.18
43400,-4.25
43410,-4.31
43420,-4.40
43430,-4.48
43440,-4.54
43450,-4.59
43460,-4.62
43470,-4.62
43480,-4.60
43490,-4.60
43500,-4.60
43510,-4.60
43520,-4.62
43530,-4.64
43540,-4.63
43550,-4.61
43560,-4.60
43570,-4.58
43580,-4.55
43590,-4.53
43600,-4.50
43610,-4.48
43620,-4.48
43630,-4.50
43640,-4.50
43650,-4.51
43660,-4.52
43670,-4.52
43680,-4.53
43690,-4.54
43700,-4.58
43710,-4.62
43720,-4.65
43730,-4.69
43740,-4.74
43750,-4.76
43760,-4.77
43770,-4.77
43780,-4.77
43790,-4.77
43800,-4.76
43810,-4.76
43820,-4.74
43830,-4.73
43840,-4.70
43850,-4.67
43860,-4.63
43870,-4.63
43880,-4.63
43890,-4.63
43900,-4.63
43910,-4.63
43920,-4.61
43930,-4.61
43940,-4.61
43950,-4.61
43960,-4.62
43970,-4.66
43980,-4.69
43990,-4.71
44000,-4.71
44010,-4.72
44020,-4.74
44030,-4.75
44040,-4.75
44050,-4.75
44060,-4.76
44070,-4.77
44080,-4.78
44090,-4.79
44100,-4.79
44110,-4.81
44120,-4.82
44130,-4.82
44140,-4.83
44150,-4.84
44160,-4.87
44170,-4.91
44180,-4.95
44190,-4.98
44200,-5.02
44210,-5.06
44220,-5.11
44230,-5.15
44240,-5.18
44250,-5.21
44260,-5.22
44270,-5.22
44280,-5.23
44290,-5.23
44300,-5.23
44310,-5.23
44320,-5.23
44330,-5.23
44340,-5.24
44350,-5.26
44360,-5.28
44370,-5.32
44380,-5.37
44390,-5.41
44400,-5.45
44410,-5.46
44420,-5.44
44430,-5.41
44440,-5.38
44450,-5.35
44460,-5.34
44470,-5.33
44480,-5.34
44490,-5.34
44500,-5.31
44510,-5.28
44520,-5.21
44530,-5.11
44540,-5.02
44550,-4.95
44560,-4.90
44570,-4.86
44580,-4.84
44590,-4.85
44600,-4.86
44610,-4.88
44620,-4.92
44630,-4.98
44640,-5.03
44650,-5.08
44660,-5.14
44670,-5.19
44680,-5.23
44690,-5.26
44700,-5.27
44710,-5.26
44720,-5.21
44730,-5.16
44740,-5.11
44750,-5.06
44760,-5.00
44770,-4.95
44780,-4.96
44790,-4.97
44800,-4.98
44810,-4.97
44820,-4.98
44830,-4.98
44840,-4.95
44850,-4.92
44860,-4.89
44870,-4.87
44880,-4.86
44890,-4.86
44900,-4.87
44910,-4.90
44920,-4.93
44930,-4.95
44940,-4.95
44950,-4.95
44960,-4.96
44970,-4.95
44980,-4.95
44990,-4.96
45000,-4.93
45010,-4.91
45020,-4.92
45030,-4.92
45040,-4.92
45050,-4.90
45060,-4.89
45070,-4.88
45080,-4.88
45090,-4.88
45100,-4.90
45110,-4.92
45120,-4.95
45130,-4.97
45140,-5.00
45150,-5.03
45160,-5.05
45170,-5.03
45180,-4.99
45190,-4.95
45200,-4.90
45210,-4.83
45220,-4.76
45230,-4.73
45240,-4.72
45250,-4.71
45260,-4.71
45270,-4.74
45280,-4.75
45290,-4.75
45300,-4.72
45310,-4.69
45320,-4.65
45330,-4.61
45340,-4.58
45350,-4.56
45360,-4.54
45370,-4.55
45380,-4.55
45390,-4.54
45400,-4.54
45410,-4.54
45420,-4.51
45430,-4.49
45440,-4.47
45450,-4.44
45460,-4.41
45470,-4.40
45480,-4.38
45490,-4.37
45500,-4.35
45510,-4.34
45520,-4.32
45530,-4.29
45540,-4.28
45550,-4.26
45560,-4.23
45570,-4.21
45580,-4.18
45590,-4.17
45600,-4.17
45610,-4.17
45620,-4.18
45630,-4.22
45640,-4.24
45650,-4.26
45660,-4.29
45670,-4.31
45680,-4.33
45690,-4.37
45700,-4.41
45710,-4.44
45720,-4.45
45730,-4.44
45740,-4.41
45750,-4.37
45760,-4.31
45770,-4.24
45780,-4.15
45790,-4.07
45800,-3.99
45810,-3.93
45820,-3.93
45830,-3.96
45840,-3.99
45850,-4.04
45860,-4.11
45870,-4.19
45880,-4.25
45890,-4.30
45900,-4.31
45910,-4.31
45920,-4.29
45930,-4.26
45940,-4.23
45950,-4.20
45960,-4.17
45970,-4.14
45980,-4.10
45990,-4.05
46000,-4.02
46010,-3.99
46020,-3.95
46030,-3.91
46040,-3.87
46050,-3.82
46060,-3.78
46070,-3.75
46080,-3.72
46090,-3.69
46100,-3.66
46110,-3.68
46120,-3.69
46130,-3.70
46140,-3.73
46150,-3.75
46160,-3.76
46170,-3.76
46180,-3.76
46190,-3.75
46200,-3.73
46210,-3.70
46220,-3.69
46230,-3.67
46240,-3.65
46250,-3.63
46260,-3.62
46270,-3.63
46280,-3.62
46290,-3.61
46300,-3.62
46310,-3.63
46320,-3.63
46330,-3.62
46340,-3.62
46350,-3.66
46360,-3.69
46370,-3.73
46380,-3.78
46390,-3.81
46400,-3.83
46410,-3.84
46420,-3.84
46430,-3.81
46440,-3.79
46450,-3.76
46460,-3.72
46470,-3.71
46480,-3.70
46490,-3.68
46500,-3.68
46510,-3.67
46520,-3.66
46530,-3.65
46540,-3.65
46550,-3.65
46560,-3.63
46570,-3.60
46580,-3.56
46590,-3.53
46600,-3.49
46610,-3.44
46620,-3.37
46630,-3.33
46640,-3.28
46650,-3.23
46660,-3.20
46670,-3.18
46680,-3.16
46690,-3.18
46700,-3.21
46710,-3.24
46720,-3.27
46730,-3.30
46740,-3.32
46750,-3.34
46760,-3.35
46770,-3.35
46780,-3.32
46790,-3.26
46800,-3.22
46810,-3.17
46820,-3.13
46830,-3.08
46840,-3.03
46850,-2.98
46860,-2.94
46870,-2.93
46880,-2.94
46890,-2.95
46900,-2.97
46910,-2.99
46920,-3.05
46930,-3.10
46940,-3.16
46950,-3.22
46960,-3.27
46970,-3.30
46980,-3.34
46990,-3.38
47000,-3.40
47010,-3.41
47020,-3.40
47030,-3.37
47040,-3.33
47050,-3.30
47060,-3.30
47070,-3.28
47080,-3.26
47090,-3.22
47100,-3.19
47110,-3.17
47120,-3.16
47130,-3.16
47140,-3.16
47150,-3.18
47160,-3.24
47170,-3.28
47180,-3.33
47190,-3.37
47200,-3.41
47210,-3.46
47220,-3.50
47230,-3.56
47240,-3.61
47250,-3.66
47260,-3.71
47270,-3.75
47280,-3.75
47290,-3.74
47300,-3.73
47310,-3.72
47320,-3.71
47330,-3.71
47340,-3.69
47350,-3.73
47360,-3.76
47370,-3.80
47380,-3.84
47390,-3.89
47400,-3.93
47410,-3.96
47420,-3.98
47430,-3.98
47440,-3.95
47450,-3.93
47460,-3.89
47470,-3.86
47480,-3.82
47490,-3.79
47500,-3.78
47510,-3.77
47520,-3.76
47530,-3.77
47540,-3.81
47550,-3.86
47560,-3.91
47570,-3.93
47580,-3.94
47590,-3.94
47600,-3.91
47610,-3.90
47620,-3.89
47630,-3.88
47640,-3.86
47650,-3.85
47660,-3.81
47670,-3.76
47680,-3.72
47690,-3.69
47700,-3.67
47710,-3.70
47720,-3.76
47730,-3.82
47740,-3.88
47750,-3.94
47760,-3.97
47770,-3.99
47780,-4.00
47790,-3.99
47800,-3.97
47810,-3.95
47820,-3.93
47830,-3.91
47840,-3.88
47850,-3.85
47860,-3.83
47870,-3.81
47880,-3.81
47890,-3.81
47900,-3.81
47910,-3.81
47920,-3.82
47930,-3.85
47940,-3.87
47950,-3.87
47960,-3.85
47970,-3.86
47980,-3.87
47990,-3.86
48000,-3.88
48010,-3.92
48020,-3.95
48030,-3.98
48040,-3.99
48050,-4.04
48060,-4.06
48070,-4.08
48080,-4.11
48090,-4.14
48100,-4.16
48110,-4.18
48120,-4.16
48130,-4.17
48140,-4.17
48150,-4.14
48160,-4.11
48170,-4.07
48180,-4.05
48190,-4.06
48200,-4.07
48210,-4.11
48220,-4.13
48230,-4.15
48240,-4.16
48250,-4.17
48260,-4.20
48270,-4.24
48280,-4.29
48290,-4.35
48300,-4.42
48310,-4.50
48320,-4.57
48330,-4.63
48340,-4.72
48350,-4.81
48360,-4.87
48370,-4.91
48380,-4.92
48390,-4.94
48400,-4.95
48410,-4.95
48420,-4.96
48430,-4.96
48440,-4.96
48450,-4.96
48460,-4.96
48470,-4.98
48480,-5.01
48490,-5.04
48500,-5.06
48510,-5.07
48520,-5.07
48530,-5.03
48540,-4.99
48550,-4.95
48560,-4.92
48570,-4.89
48580,-4.87
48590,-4.86
48600,-4.85
48610,-4.83
48620,-4.82
48630,-4.81
48640,-4.81
48650,-4.81
48660,-4.82
48670,-4.82
48680,-4.85
48690,-4.89
48700,-4.92
48710,-4.94
48720,-4.96
48730,-4.97
48740,-4.96
48750,-4.94
48760,-4.92
48770,-4.90
48780,-4.88
48790,-4.87
48800,-4.87
48810,-4.87
48820,-4.86
48830,-4.87
48840,-4.87
48850,-4.87
48860,-4.87
48870,-4.88
48880,-4.88
48890,-4.89
48900,-4.90
48910,-4.91
48920,-4.92
48930,-4.92
48940,-4.90
48950,-4.87
48960,-4.83
48970,-4.77
48980,-4.70
48990,-4.65
49000,-4.61
49010,-4.57
49020,-4.54
49030,-4.51
49040,-4.50
49050,-4.50
49060,-4.49
49070,-4.49
49080,-4.48
49090,-4.48
49100,-4.53
49110,-4.58
49120,-4.63
49130,-4.69
49140,-4.73
49150,-4.76
49160,-4.78
49170,-4.81
49180,-4.79
49190,-4.76
49200,-4.72
49210,-4.67
49220,-4.62
49230,-4.59
49240,-4.56
49250,-4.53
49260,-4.51
49270,-4.50
49280,-4.50
49290,-4.50
49300,-4.50
49310,-4.50
49320,-4.51
49330,-4.52
49340,-4.52
49350,-4.53
49360,-4.54
49370,-4.54
49380,-4.56
49390,-4.56
49400,-4.57
49410,-4.57
49420,-4.57
49430,-4.56
49440,-4.55
49450,-4.55
49460,-4.55
49470,-4.54
49480,-4.54
49490,-4.54
49500,-4.57
49510,-4.59
49520,-4.63
49530,-4.67
49540,-4.72
49550,-4.77
49560,-4.78
49570,-4.77
49580,-4.77
49590,-4.75
49600,-4.73
49610,-4.70
49620,-4.69
49630,-4.68
49640,-4.66
49650,-4.66
49660,-4.65
49670,-4.64
49680,-4.65
49690,-4.65
49700,-4.64
49710,-4.63
49720,-4.63
49730,-4.62
49740,-4.64
49750,-4.65
49760,-4.69
49770,-4.73
49780,-4.78
49790,-4.80
49800,-4.81
49810,-4.79
49820,-4.76
49830,-4.72
49840,-4.69
49850,-4.65
49860,-4.62
49870,-4.62
49880,-4.63
49890,-4.64
49900,-4.65
49910,-4.68
49920,-4.69
49930,-4.68
49940,-4.67
49950,-4.66
49960,-4.65
49970,-4.64
49980,-4.64
49990,-4.62
50000,-4.59
50010,-4.57
50020,-4.56
50030,-4.55
50040,-4.53
50050,-4.51
50060,-4.51
50070,-4.49
50080,-4.48
50090,-4.51
50100,-4.53
50110,-4.56
50120,-4.59
50130,-4.67
50140,-4.74
50150,-4.80
50160,-4.86
50170,-4.91
50180,-4.93
50190,-4.94
50200,-4.94
50210,-4.92
50220,-4.89
50230,-4.87
50240,-4.86
50250,-4.84
50260,-4.83
50270,-4.81
50280,-4.81
50290,-4.79
50300,-4.77
50310,-4.80
50320,-4.82
50330,-4.84
50340,-4.82
50350,-4.82
50360,-4.82
50370,-4.80
50380,-4.79
50390,-4.79
50400,-4.76
50410,-4.71
50420,-4.67
50430,-4.67
50440,-4.66
50450,-4.67
50460,-4.69
50470,-4.71
50480,-4.72
50490,-4.70
50500,-4.68
50510,-4.64
50520,-4.60
50530,-4.57
50540,-4.55
50550,-4.54
50560,-4.55
50570,-4.55
50580,-4.55
50590,-4.53
50600,-4.50
50610,-4.46
50620,-4.42
50630,-4.40
50640,-4.40
50650,-4.42
50660,-4.46
50670,-4.49
50680,-4.52
50690,-4.52
50700,-4.53
50710,-4.53
50720,-4.54
50730,-4.54
50740,-4.56
50750,-4.56
50760,-4.56
50770,-4.55
50780,-4.52
50790,-4.48
50800,-4.46
50810,-4.46
50820,-4.48
50830,-4.50
50840,-4.52
50850,-4.53
50860,-4.53
50870,-4.53
50880,-4.49
50890,-4.47
50900,-4.45
50910,-4.43
50920,-4.41
50930,-4.42
50940,-4.44
50950,-4.46
50960,-4.47
50970,-4.50
50980,-4.51
50990,-4.52
51000,-4.54
51010,-4.55
51020,-4.57
51030,-4.58
51040,-4.60
51050,-4.60
51060,-4.60
51070,-4.60
51080,-4.59
51090,-4.55
51100,-4.50
51110,-4.45
51120,-4.40
51130,-4.37
51140,-4.36
51150,-4.37
51160,-4.37
51170,-4.40
51180,-4.44
51190,-4.49
51200,-4.53
51210,-4.56
51220,-4.58
51230,-4.60
51240,-4.58
51250,-4.56
51260,-4.54
51270,-4.52
51280,-4.50
51290,-4.48
51300,-4.46
51310,-4.45
51320,-4.44
51330,-4.42
51340,-4.40
51350,-4.38
51360,-4.37
51370,-4.38
51380,-4.39
51390,-4.39
51400,-4.40
51410,-4.41
51420,-4.41
51430,-4.42
51440,-4.42
51450,-4.40
51460,-4.39
51470,-4.37
51480,-4.38
51490,-4.39
51500,-4.42
51510,-4.45
51520,-4.48
51530,-4.51
51540,-4.50
51550,-4.50
51560,-4.50
51570,-4.50
51580,-4.50
51590,-4.50
51600,-4.51
51610,-4.51
51620,-4.51
51630,-4.51
51640,-4.49
51650,-4.47
51660,-4.44
51670,-4.40
51680,-4.38
51690,-4.37
51700,-4.35
51710,-4.32
51720,-4.30
51730,-4.29
51740,-4.25
51750,-4.24
51760,-4.22
51770,-4.23
51780,-4.25
51790,-4.27
51800,-4.30
51810,-4.35
51820,-4.40
51830,-4.43
51840,-4.46
51850,-4.48
51860,-4.49
51870,-4.46
51880,-4.40
51890,-4.34
51900,-4.27
51910,-4.19
51920,-4.13
51930,-4.06
51940,-4.01
51950,-3.97
51960,-3.97
51970,-3.99
51980,-4.02
51990,-4.05
52000,-4.10
52010,-4.15
52020,-4.20
52030,-4.22
52040,-4.24
52050,-4.23
52060,-4.22
52070,-4.22
52080,-4.23
52090,-4.25
52100,-4.25
52110,-4.25
52120,-4.23
52130,-4.22
52140,-4.20
52150,-4.17
52160,-4.13
52170,-4.09
52180,-4.05
52190,-4.03
52200,-4.04
52210,-4.05
52220,-4.08
52230,-4.11
52240,-4.13
52250,-4.14
52260,-4.13
52270,-4.13
52280,-4.11
52290,-4.07
52300,-4.03
52310,-4.00
52320,-3.98
52330,-3.98
52340,-3.99
52350,-3.99
52360,-3.99
52370,-4.00
52380,-4.00
52390,-3.98
52400,-3.96
52410,-3.94
52420,-3.90
52430,-3.88
52440,-3.87
52450,-3.88
52460,-3.89
52470,-3.89
52480,-3.90
52490,-3.91
52500,-3.91
52510,-3.91
52520,-3.91
52530,-3.91
52540,-3.90
52550,-3.89
52560,-3.88
52570,-3.87
52580,-3.90
52590,-3.92
52600,-3.94
52610,-3.98
52620,-4.02
52630,-4.06
52640,-4.08
52650,-4.11
52660,-4.13
52670,-4.13
52680,-4.13
52690,-4.11
52700,-4.10
52710,-4.09
52720,-4.08
52730,-4.06
52740,-4.02
52750,-4.00
52760,-3.97
52770,-3.93
52780,-3.92
52790,-3.93
52800,-3.96
52810,-3.99
52820,-4.00
52830,-4.04
52840,-4.08
52850,-4.09
52860,-4.09
52870,-4.06
52880,-4.03
52890,-4.00
52900,-3.95
52910,-3.90
52920,-3.87
52930,-3.84
52940,-3.81
52950,-3.79
52960,-3.77
52970,-3.77
52980,-3.76
52990,-3.75
53000,-3.76
53010,-3.76
53020,-3.76
53030,-3.78
53040,-3.80
53050,-3.81
53060,-3.81
53070,-3.81
53080,-3.82
53090,-3.83
53100,-3.82
53110,-3.82
53120,-3.83
53130,-3.86
53140,-3.88
53150,-3.90
53160,-3.92
53170,-3.95
53180,-3.97
53190,-3.98
53200,-3.97
53210,-3.95
53220,-3.93
53230,-3.90
53240,-3.86
53250,-3.82
53260,-3.78
53270,-3.74
53280,-3.70
53290,-3.66
53300,-3.62
53310,-3.59
53320,-3.57
53330,-3.56
53340,-3.57
53350,-3.58
53360,-3.59
53370,-3.61
53380,-3.65
53390,-3.68
53400,-3.71
53410,-3.73
53420,-3.75
53430,-3.78
53440,-3.79
53450,-3.80
53460,-3.81
53470,-3.82
53480,-3.82
53490,-3.82
53500,-3.81
53510,-3.80
53520,-3.79
53530,-3.78
53540,-3.77
53550,-3.77
53560,-3.76
53570,-3.74
53580,-3.71
53590,-3.69
53600,-3.67
53610,-3.66
53620,-3.65
53630,-3.63
53640,-3.62
53650,-3.61
53660,-3.60
53670,-3.58
53680,-3.55
53690,-3.53
53700,-3.52
53710,-3.52
53720,-3.53
53730,-3.54
53740,-3.55
53750,-3.56
53760,-3.57
53770,-3.59
53780,-3.60
53790,-3.61
53800,-3.63
53810,-3.65
53820,-3.63
53830,-3.62
53840,-3.61
53850,-3.62
53860,-3.63
53870,-3.61
53880,-3.60
53890,-3.58
53900,-3.56
53910,-3.55
53920,-3.53
53930,-3.51
53940,-3.52
53950,-3.53
53960,-3.55
53970,-3.55
53980,-3.54
53990,-3.52
54000,-3.50
54010,-3.48
54020,-3.44
54030,-3.40
54040,-3.37
54050,-3.33
54060,-3.32
54070,-3.30
54080,-3.29
54090,-3.27
54100,-3.25
54110,-3.24
54120,-3.23
54130,-3.23
54140,-3.22
54150,-3.21
54160,-3.20
54170,-3.20
54180,-3.20
54190,-3.21
54200,-3.21
54210,-3.22
54220,-3.23
54230,-3.24
54240,-3.28
54250,-3.30
54260,-3.31
54270,-3.32
54280,-3.34
54290,-3.36
54300,-3.37
54310,-3.36
54320,-3.35
54330,-3.33
54340,-3.35
54350,-3.37
54360,-3.38
54370,-3.41
54380,-3.45
54390,-3.49
54400,-3.54
54410,-3.58
54420,-3.63
54430,-3.68
54440,-3.74
54450,-3.80
54460,-3.85
54470,-3.90
54480,-3.92
54490,-3.92
54500,-3.91
54510,-3.86
54520,-3.80
54530,-3.73
54540,-3.68
54550,-3.65
54560,-3.61
54570,-3.61
54580,-3.64
54590,-3.66
54600,-3.67
54610,-3.67
54620,-3.67
54630,-3.67
54640,-3.66
54650,-3.66
54660,-3.67
54670,-3.69
54680,-3.71
54690,-3.72
54700,-3.74
54710,-3.75
54720,-3.76
54730,-3.78
54740,-3.79
54750,-3.78
54760,-3.78
54770,-3.79
54780,-3.79
54790,-3.80
54800,-3.82
54810,-3.84
54820,-3.85
54830,-3.86
54840,-3.86
54850,-3.85
54860,-3.84
54870,-3.82
54880,-3.81
54890,-3.80
54900,-3.80
54910,-3.81
54920,-3.83
54930,-3.86
54940,-3.90
54950,-3.95
54960,-3.99
54970,-4.02
54980,-4.02
54990,-4.02
55000,-4.02
55010,-4.01
55020,-3.98
55030,-3.96
55040,-3.94
55050,-3.91
55060,-3.90
55070,-3.89
55080,-3.87
55090,-3.85
55100,-3.82
55110,-3.80
55120,-3.77
55130,-3.75
55140,-3.74
55150,-3.76
55160,-3.79
55170,-3.86
55180,-3.93
55190,-3.99
55200,-4.02
55210,-4.03
55220,-4.03
55230,-4.06
55240,-4.08
55250,-4.11
55260,-4.15
55270,-4.19
55280,-4.22
55290,-4.24
55300,-4.26
55310,-4.29
55320,-4.32
55330,-4.37
55340,-4.40
55350,-4.41
55360,-4.40
55370,-4.39
55380,-4.41
55390,-4.41
55400,-4.42
55410,-4.43
55420,-4.46
55430,-4.49
55440,-4.53
55450,-4.57
55460,-4.59
55470,-4.59
55480,-4.58
55490,-4.58
55500,-4.59
55510,-4.57
55520,-4.55
55530,-4.52
55540,-4.50
55550,-4.47
55560,-4.44
55570,-4.43
55580,-4.40
55590,-4.36
55600,-4.32
55610,-4.27
55620,-4.22
55630,-4.16
55640,-4.11
55650,-4.07
55660,-4.04
55670,-4.03
55680,-4.02
55690,-4.03
55700,-4.04
55710,-4.07
55720,-4.09
55730,-4.11
55740,-4.10
55750,-4.06
55760,-4.03
55770,-3.99
55780,-3.93
55790,-3.85
55800,-3.78
55810,-3.72
55820,-3.69
55830,-3.69
55840,-3.69
55850,-3.70
55860,-3.72
55870,-3.74
55880,-3.76
55890,-3.80
55900,-3.81
55910,-3.82
55920,-3.82
55930,-3.81
55940,-3.83
55950,-3.85
55960,-3.87
55970,-3.89
55980,-3.91
55990,-3.92
56000,-3.94
56010,-3.96
56020,-3.99
56030,-4.03
56040,-4.07
56050,-4.11
56060,-4.15
56070,-4.17
56080,-4.19
56090,-4.21
56100,-4.23
56110,-4.26
56120,-4.28
56130,-4.28
56140,-4.28
56150,-4.29
56160,-4.29
56170,-4.30
56180,-4.30
56190,-4.30
56200,-4.29
56210,-4.30
56220,-4.33
56230,-4.35
56240,-4.36
56250,-4.37
56260,-4.38
56270,-4.37
56280,-4.36
56290,-4.34
56300,-4.31
56310,-4.31
56320,-4.31
56330,-4.34
56340,-4.38
56350,-4.43
56360,-4.48
56370,-4.51
56380,-4.54
56390,-4.56
56400,-4.58
56410,-4.56
56420,-4.54
56430,-4.53
56440,-4.53
56450,-4.52
56460,-4.53
56470,-4.52
56480,-4.52
56490,-4.52
56500,-4.53
56510,-4.54
56520,-4.55
56530,-4.56
56540,-4.58
56550,-4.60
56560,-4.63
56570,-4.66
56580,-4.70
56590,-4.73
56600,-4.76
56610,-4.79
56620,-4.83
56630,-4.87
56640,-4.91
56650,-4.91
56660,-4.91
56670,-4.91
56680,-4.87
56690,-4.82
56700,-4.81
56710,-4.79
56720,-4.80
56730,-4.81
56740,-4.82
56750,-4.85
56760,-4.90
56770,-4.95
56780,-4.99
56790,-5.02
56800,-5.06
56810,-5.07
56820,-5.08
56830,-5.07
56840,-5.05
56850,-5.03
56860,-5.01
56870,-4.98
56880,-4.94
56890,-4.92
56900,-4.89
56910,-4.88
56920,-4.91
56930,-4.93
56940,-4.93
56950,-4.93
56960,-4.92
56970,-4.90
56980,-4.87
56990,-4.87
57000,-4.87
57010,-4.87
57020,-4.87
57030,-4.85
57040,-4.79
57050,-4.73
57060,-4.68
57070,-4.65
57080,-4.63
57090,-4.62
57100,-4.61
57110,-4.59
57120,-4.58
57130,-4.57
57140,-4.57
57150,-4.56
57160,-4.56
57170,-4.55
57180,-4.54
57190,-4.53
57200,-4.53
57210,-4.55
57220,-4.57
57230,-4.61
57240,-4.62
57250,-4.63
57260,-4.64
57270,-4.66
57280,-4.68
57290,-4.68
57300,-4.68
57310,-4.67
57320,-4.59
57330,-4.56
57340,-4.54
57350,-4.51
57360,-4.50
57370,-4.49
57380,-4.49
57390,-4.49
57400,-4.49
57410,-4.49
57420,-4.49
57430,-4.45
57440,-4.39
57450,-4.34
57460,-4.30
57470,-4.26
57480,-4.27
57490,-4.30
57500,-4.33
57510,-4.37
57520,-4.42
57530,-4.43
57540,-4.40
57550,-4.36
57560,-4.33
57570,-4.30
57580,-4.28
57590,-4.27
57600,-4.27
57610,-4.30
57620,-4.34
57630,-4.38
57640,-4.43
57650,-4.49
57660,-4.54
57670,-4.57
57680,-4.57
57690,-4.57
57700,-4.54
57710,-4.49
57720,-4.44
57730,-4.39
57740,-4.35
57750,-4.31
57760,-4.28
57770,-4.24
57780,-4.19
57790,-4.14
57800,-4.07
57810,-4.01
57820,-3.95
57830,-3.90
57840,-3.85
57850,-3.83
57860,-3.82
57870,-3.81
57880,-3.85
57890,-3.88
57900,-3.93
57910,-3.92
57920,-3.91
57930,-3.89
57940,-3.87
57950,-3.84
57960,-3.81
57970,-3.79
57980,-3.80
57990,-3.80
58000,-3.82
58010,-3.81
58020,-3.81
58030,-3.81
58040,-3.82
58050,-3.81
58060,-3.80
58070,-3.79
58080,-3.77
58090,-3.75
58100,-3.72
58110,-3.68
58120,-3.64
58130,-3.60
58140,-3.55
58150,-3.51
58160,-3.47
58170,-3.44
58180,-3.42
58190,-3.41
58200,-3.45
58210,-3.49
58220,-3.53
58230,-3.59
58240,-3.65
58250,-3.71
58260,-3.75
58270,-3.78
58280,-3.81
58290,-3.82
58300,-3.82
58310,-3.82
58320,-3.78
58330,-3.73
58340,-3.68
58350,-3.63
58360,-3.57
58370,-3.54
58380,-3.53
58390,-3.53
58400,-3.54
58410,-3.55
58420,-3.56
58430,-3.57
58440,-3.57
58450,-3.57
58460,-3.58
58470,-3.58
58480,-3.55
58490,-3.53
58500,-3.52
58510,-3.51
58520,-3.51
58530,-3.52
58540,-3.52
58550,-3.52
58560,-3.52
58570,-3.52
58580,-3.53
58590,-3.54
58600,-3.59
58610,-3.64
58620,-3.70
58630,-3.74
58640,-3.78
58650,-3.79
58660,-3.80
58670,-3.81
58680,-3.85
58690,-3.89
58700,-3.94
58710,-4.00
58720,-4.07
58730,-4.13
58740,-4.15
58750,-4.16
58760,-4.17
58770,-4.17
58780,-4.17
58790,-4.16
58800,-4.14
58810,-4.09
58820,-4.03
58830,-3.96
58840,-3.89
58850,-3.82
58860,-3.77
58870,-3.73
58880,-3.69
58890,-3.64
58900,-3.59
58910,-3.53
58920,-3.50
58930,-3.46
58940,-3.44
58950,-3.43
58960,-3.44
58970,-3.47
58980,-3.46
58990,-3.46
59000,-3.46
59010,-3.43
59020,-3.40
59030,-3.39
59040,-3.37
59050,-3.36
59060,-3.35
59070,-3.31
59080,-3.25
59090,-3.19
59100,-3.13
59110,-3.06
59120,-3.03
59130,-3.00
59140,-2.98
59150,-2.97
59160,-2.96
59170,-2.98
59180,-3.00
59190,-3.03
59200,-3.07
59210,-3.11
59220,-3.09
59230,-3.06
59240,-3.04
59250,-3.04
59260,-3.04
59270,-3.06
59280,-3.12
59290,-3.18
59300,-3.22
59310,-3.24
59320,-3.27
59330,-3.29
59340,-3.31
59350,-3.34
59360,-3.38
59370,-3.42
59380,-3.44
59390,-3.47
59400,-3.49
59410,-3.45
59420,-3.41
59430,-3.36
59440,-3.32
59450,-3.27
59460,-3.24
59470,-3.24
59480,-3.25
59490,-3.25
59500,-3.23
59510,-3.18
59520,-3.10
59530,-3.02
59540,-2.96
59550,-2.91
59560,-2.88
59570,-2.89
59580,-2.91
59590,-2.90
59600,-2.89
59610,-2.88
59620,-2.87
59630,-2.86
59640,-2.84
59650,-2.81
59660,-2.78
59670,-2.78
59680,-2.80
59690,-2.82
59700,-2.89
59710,-2.96
59720,-3.01
59730,-3.01
59740,-3.01
59750,-2.99
59760,-2.95
59770,-2.92
59780,-2.92
59790,-2.93
59800,-2.95
59810,-3.00
59820,-3.04
59830,-3.09
59840,-3.11
59850,-3.14
59860,-3.17
59870,-3.17
59880,-3.17
59890,-3.18
59900,-3.18
59910,-3.17
59920,-3.18
59930,-3.19
59940,-3.18
59950,-3.18
59960,-3.17
59970,-3.18
59980,-3.15
59990,-3.13
60000,-3.08
60010,-3.02
60020,-2.96
60030,-2.93
60040,-2.93
60050,-2.92
60060,-2.97
60070,-3.04
60080,-3.11
60090,-3.15
60100,-3.19
60110,-3.22
60120,-3.22
60130,-3.22
60140,-3.21
60150,-3.18
60160,-3.16
60170,-3.15
60180,-3.14
60190,-3.13
60200,-3.15
60210,-3.19
60220,-3.22
60230,-3.24
60240,-3.26
60250,-3.25
60260,-3.23
60270,-3.19
60280,-3.14
60290,-3.11
60300,-3.11
60310,-3.11
60320,-3.14
60330,-3.19
60340,-3.23
60350,-3.28
60360,-3.31
60370,-3.34
60380,-3.37
60390,-3.35
60400,-3.33
60410,-3.32
60420,-3.30
60430,-3.29
60440,-3.28
60450,-3.31
60460,-3.35
60470,-3.38
60480,-3.40
60490,-3.42
60500,-3.43
60510,-3.43
60520,-3.43
60530,-3.42
60540,-3.42
60550,-3.40
60560,-3.40
60570,-3.39
60580,-3.37
60590,-3.35
60600,-3.34
60610,-3.33
60620,-3.33
60630,-3.34
60640,-3.34
60650,-3.35
60660,-3.36
60670,-3.37
60680,-3.38
60690,-3.40
60700,-3.41
60710,-3.42
60720,-3.44
60730,-3.46
60740,-3.47
60750,-3.45
60760,-3.42
60770,-3.39
60780,-3.38
60790,-3.36
60800,-3.34
60810,-3.34
60820,-3.36
60830,-3.38
60840,-3.41
60850,-3.43
60860,-3.44
60870,-3.46
60880,-3.48
60890,-3.50
60900,-3.52
60910,-3.54
60920,-3.54
60930,-3.53
60940,-3.52
60950,-3.51
60960,-3.50
60970,-3.50
60980,-3.54
60990,-3.58
61000,-3.64

